weapon_name,skin_name,pattern,backside_blue,playside_blue
AK-47,Case Hardened,349,9.45,26.61
AK-47,Case Hardened,60,8.51,14.51
AK-47,Case Hardened,412,9.62,0.0
AK-47,Case Hardened,35,23.14,13.27
AK-47,Case Hardened,694,1.28,32.55
AK-47,Case Hardened,386,0.04,1.83
AK-47,Case Hardened,978,22.52,52.1
AK-47,Case Hardened,430,1.98,42.11
AK-47,Case Hardened,105,12.01,3.18
AK-47,Case Hardened,948,3.46,27.5
AK-47,Case Hardened,690,20.93,46.21
AK-47,Case Hardened,396,5.32,25.96
AK-47,Case Hardened,708,2.72,46.88
AK-47,Case Hardened,494,5.56,37.73
AK-47,Case Hardened,26,0.8,1.31
AK-47,Case Hardened,116,5.47,8.31
AK-47,Case Hardened,337,15.69,9.36
AK-47,Case Hardened,459,1.03,2.47
AK-47,Case Hardened,463,0.43,45.5
AK-47,Case Hardened,510,1.96,23.83
AK-47,Case Hardened,296,4.27,32.34
AK-47,Case Hardened,854,6.6,7.05
AK-47,Case Hardened,470,1.12,33.61
AK-47,Case Hardened,512,0.62,44.61
AK-47,Case Hardened,460,25.06,8.32
AK-47,Case Hardened,791,9.32,45.99
AK-47,Case Hardened,202,2.63,24.26
AK-47,Case Hardened,557,32.7,40.35
AK-47,Case Hardened,13,15.08,56.75
AK-47,Case Hardened,886,0.02,12.71
AK-47,Case Hardened,382,12.91,28.72
AK-47,Case Hardened,839,37.33,12.79
AK-47,Case Hardened,182,35.8,33.48
AK-47,Case Hardened,299,2.18,4.84
AK-47,Case Hardened,637,7.9,15.39
AK-47,Case Hardened,8,57.06,7.69
AK-47,Case Hardened,538,5.99,1.31
AK-47,Case Hardened,458,35.37,30.69
AK-47,Case Hardened,678,0.0,16.9
AK-47,Case Hardened,450,0.26,44.64
AK-47,Case Hardened,985,5.39,34.41
AK-47,Case Hardened,205,0.0,31.13
AK-47,Case Hardened,135,21.6,1.91
AK-47,Case Hardened,571,0.0,14.5
AK-47,Case Hardened,162,32.5,15.42
AK-47,Case Hardened,454,3.19,0.31
AK-47,Case Hardened,784,3.92,0.0
AK-47,Case Hardened,882,33.56,11.13
AK-47,Case Hardened,824,10.21,1.46
AK-47,Case Hardened,648,11.06,41.19
AK-47,Case Hardened,376,59.79,0.0
AK-47,Case Hardened,592,7.9,64.07
AK-47,Case Hardened,189,0.0,42.64
AK-47,Case Hardened,704,48.6,28.18
AK-47,Case Hardened,321,0.49,72.77
AK-47,Case Hardened,92,9.99,44.81
AK-47,Case Hardened,0,7.06,1.31
AK-47,Case Hardened,895,8.01,6.92
AK-47,Case Hardened,657,11.14,16.36
AK-47,Case Hardened,405,12.31,17.64
AK-47,Case Hardened,670,2.46,70.96
AK-47,Case Hardened,261,1.93,23.79
AK-47,Case Hardened,578,4.66,28.36
AK-47,Case Hardened,905,0.18,58.92
AK-47,Case Hardened,420,18.04,33.98
AK-47,Case Hardened,849,26.4,44.95
AK-47,Case Hardened,481,1.41,34.52
AK-47,Case Hardened,233,23.73,1.08
AK-47,Case Hardened,969,7.73,51.85
AK-47,Case Hardened,4,2.41,58.95
AK-47,Case Hardened,236,31.27,43.93
AK-47,Case Hardened,903,0.0,22.11
AK-47,Case Hardened,842,39.84,32.2
AK-47,Case Hardened,862,0.0,41.55
AK-47,Case Hardened,917,5.56,45.54
AK-47,Case Hardened,401,4.72,12.54
AK-47,Case Hardened,641,22.25,9.38
AK-47,Case Hardened,479,0.05,38.68
AK-47,Case Hardened,711,0.39,45.16
AK-47,Case Hardened,679,10.3,2.14
AK-47,Case Hardened,138,11.06,22.64
AK-47,Case Hardened,507,1.99,33.2
AK-47,Case Hardened,93,9.41,8.77
AK-47,Case Hardened,242,24.79,30.47
AK-47,Case Hardened,647,0.21,20.45
AK-47,Case Hardened,11,1.3,43.94
AK-47,Case Hardened,469,22.53,0.59
AK-47,Case Hardened,499,4.64,4.78
AK-47,Case Hardened,155,12.12,16.39
AK-47,Case Hardened,428,50.8,31.07
AK-47,Case Hardened,780,32.49,1.27
AK-47,Case Hardened,577,22.49,36.75
AK-47,Case Hardened,721,38.15,43.94
AK-47,Case Hardened,371,21.32,13.74
AK-47,Case Hardened,1000,0.0,30.64
AK-47,Case Hardened,492,25.59,15.6
AK-47,Case Hardened,323,0.0,16.79
AK-47,Case Hardened,224,13.82,6.81
AK-47,Case Hardened,209,14.04,37.23
AK-47,Case Hardened,445,22.01,2.15
AK-47,Case Hardened,952,0.35,0.0
AK-47,Case Hardened,177,1.14,4.77
AK-47,Case Hardened,524,0.04,1.12
AK-47,Case Hardened,278,17.26,45.9
AK-47,Case Hardened,29,70.41,12.19
AK-47,Case Hardened,74,1.27,48.06
AK-47,Case Hardened,375,4.03,47.14
AK-47,Case Hardened,219,5.83,0.0
AK-47,Case Hardened,88,1.65,20.82
AK-47,Case Hardened,403,24.68,25.29
AK-47,Case Hardened,868,12.78,49.42
AK-47,Case Hardened,961,4.7,42.61
AK-47,Case Hardened,30,11.46,21.06
AK-47,Case Hardened,616,0.18,8.55
AK-47,Case Hardened,108,58.87,10.03
AK-47,Case Hardened,935,0.02,38.91
AK-47,Case Hardened,761,47.23,7.42
AK-47,Case Hardened,610,0.9,17.77
AK-47,Case Hardened,700,1.9,15.86
AK-47,Case Hardened,172,8.35,43.59
AK-47,Case Hardened,168,2.31,54.1
AK-47,Case Hardened,526,0.01,36.14
AK-47,Case Hardened,587,79.77,2.94
AK-47,Case Hardened,129,1.02,11.07
AK-47,Case Hardened,426,11.01,41.98
AK-47,Case Hardened,341,3.55,31.56
AK-47,Case Hardened,796,11.81,11.76
AK-47,Case Hardened,808,8.36,9.34
AK-47,Case Hardened,912,0.22,2.14
AK-47,Case Hardened,730,6.33,0.02
AK-47,Case Hardened,394,18.82,0.97
AK-47,Case Hardened,989,8.47,8.55
AK-47,Case Hardened,103,2.06,50.92
AK-47,Case Hardened,28,6.98,40.94
AK-47,Case Hardened,803,5.79,36.99
AK-47,Case Hardened,979,48.91,16.22
AK-47,Case Hardened,888,9.34,36.42
AK-47,Case Hardened,870,7.72,0.67
AK-47,Case Hardened,806,60.31,21.15
AK-47,Case Hardened,433,35.74,0.01
AK-47,Case Hardened,898,68.22,2.54
AK-47,Case Hardened,122,0.0,26.15
AK-47,Case Hardened,306,56.25,37.06
AK-47,Case Hardened,667,10.76,2.27
AK-47,Case Hardened,819,19.66,2.31
AK-47,Case Hardened,442,4.42,52.87
AK-47,Case Hardened,350,15.84,3.86
AK-47,Case Hardened,385,32.27,2.23
AK-47,Case Hardened,83,3.43,0.0
AK-47,Case Hardened,541,0.98,39.16
AK-47,Case Hardened,381,13.68,36.66
AK-47,Case Hardened,156,50.07,0.49
AK-47,Case Hardened,869,31.69,8.81
AK-47,Case Hardened,846,3.7,4.78
AK-47,Case Hardened,75,0.19,0.0
AK-47,Case Hardened,425,25.84,4.81
AK-47,Case Hardened,677,23.34,2.69
AK-47,Case Hardened,208,31.76,22.81
AK-47,Case Hardened,770,3.8,41.45
AK-47,Case Hardened,179,0.05,69.0
AK-47,Case Hardened,977,10.29,1.43
AK-47,Case Hardened,528,18.26,0.19
AK-47,Case Hardened,81,7.67,28.12
AK-47,Case Hardened,432,0.65,19.14
AK-47,Case Hardened,333,6.19,25.19
AK-47,Case Hardened,186,1.08,0.2
AK-47,Case Hardened,532,0.55,39.28
AK-47,Case Hardened,527,0.02,0.66
AK-47,Case Hardened,893,9.73,2.49
AK-47,Case Hardened,480,0.0,0.67
AK-47,Case Hardened,873,36.99,6.97
AK-47,Case Hardened,992,28.11,6.57
AK-47,Case Hardened,963,0.03,0.02
AK-47,Case Hardened,927,42.54,33.53
AK-47,Case Hardened,838,7.9,21.67
AK-47,Case Hardened,622,7.34,38.43
AK-47,Case Hardened,579,68.1,11.3
AK-47,Case Hardened,697,9.87,2.14
AK-47,Case Hardened,366,0.22,16.45
AK-47,Case Hardened,732,30.15,12.31
AK-47,Case Hardened,65,17.2,32.92
AK-47,Case Hardened,705,33.29,3.51
AK-47,Case Hardened,457,41.35,1.33
AK-47,Case Hardened,543,0.51,19.91
AK-47,Case Hardened,131,11.17,0.66
AK-47,Case Hardened,516,7.12,6.36
AK-47,Case Hardened,890,12.07,0.67
AK-47,Case Hardened,274,2.74,0.55
AK-47,Case Hardened,866,5.08,5.4
AK-47,Case Hardened,955,0.43,72.86
AK-47,Case Hardened,276,0.0,16.29
AK-47,Case Hardened,660,0.93,1.5
AK-47,Case Hardened,277,0.1,16.56
AK-47,Case Hardened,477,13.69,1.39
AK-47,Case Hardened,638,28.58,15.36
AK-47,Case Hardened,118,26.69,3.29
AK-47,Case Hardened,390,29.98,21.18
AK-47,Case Hardened,281,17.73,23.64
AK-47,Case Hardened,652,56.86,21.62
AK-47,Case Hardened,743,3.88,5.02
AK-47,Case Hardened,163,22.63,14.34
AK-47,Case Hardened,171,2.2,1.87
AK-47,Case Hardened,91,11.78,5.93
AK-47,Case Hardened,161,0.04,12.72
AK-47,Case Hardened,466,17.72,2.07
AK-47,Case Hardened,733,19.45,50.08
AK-47,Case Hardened,939,27.65,0.34
AK-47,Case Hardened,111,51.79,0.72
AK-47,Case Hardened,980,15.95,7.37
AK-47,Case Hardened,148,3.02,4.39
AK-47,Case Hardened,668,32.27,12.42
AK-47,Case Hardened,713,1.51,44.24
AK-47,Case Hardened,629,45.31,2.22
AK-47,Case Hardened,194,1.0,32.05
AK-47,Case Hardened,675,0.04,22.1
AK-47,Case Hardened,542,16.83,6.64
AK-47,Case Hardened,90,0.0,0.0
AK-47,Case Hardened,434,24.01,48.26
AK-47,Case Hardened,525,6.85,38.47
AK-47,Case Hardened,574,21.98,1.3
AK-47,Case Hardened,834,0.37,0.0
AK-47,Case Hardened,256,17.29,33.62
AK-47,Case Hardened,555,1.67,53.06
AK-47,Case Hardened,630,7.82,6.74
AK-47,Case Hardened,617,35.8,18.4
AK-47,Case Hardened,119,46.62,0.66
AK-47,Case Hardened,656,5.44,0.0
AK-47,Case Hardened,319,0.59,26.02
AK-47,Case Hardened,864,6.59,0.6
AK-47,Case Hardened,699,49.78,0.53
AK-47,Case Hardened,7,8.1,1.88
AK-47,Case Hardened,57,0.0,12.82
AK-47,Case Hardened,139,7.92,52.02
AK-47,Case Hardened,55,6.22,21.86
AK-47,Case Hardened,362,0.0,22.49
AK-47,Case Hardened,894,28.23,21.91
AK-47,Case Hardened,843,10.76,20.37
AK-47,Case Hardened,230,24.91,30.76
AK-47,Case Hardened,823,5.15,46.86
AK-47,Case Hardened,73,25.52,40.5
AK-47,Case Hardened,760,0.34,47.41
AK-47,Case Hardened,926,0.98,0.33
AK-47,Case Hardened,110,1.6,0.15
AK-47,Case Hardened,305,3.09,0.16
AK-47,Case Hardened,213,1.7,5.84
AK-47,Case Hardened,906,39.13,27.66
AK-47,Case Hardened,502,70.18,9.33
AK-47,Case Hardened,190,0.0,0.09
AK-47,Case Hardened,953,0.39,20.52
AK-47,Case Hardened,200,9.3,32.72
AK-47,Case Hardened,389,0.58,28.14
AK-47,Case Hardened,782,32.04,42.85
AK-47,Case Hardened,564,0.29,24.07
AK-47,Case Hardened,778,36.34,3.11
AK-47,Case Hardened,504,0.22,1.15
AK-47,Case Hardened,798,17.58,40.48
AK-47,Case Hardened,220,32.73,0.0
AK-47,Case Hardened,498,3.77,0.14
AK-47,Case Hardened,726,0.02,13.16
AK-47,Case Hardened,689,0.0,37.18
AK-47,Case Hardened,178,24.14,33.44
AK-47,Case Hardened,235,3.19,21.36
AK-47,Case Hardened,855,0.02,8.46
AK-47,Case Hardened,449,12.9,9.18
AK-47,Case Hardened,424,49.87,16.87
AK-47,Case Hardened,710,36.71,15.13
AK-47,Case Hardened,932,33.22,6.01
AK-47,Case Hardened,554,1.21,1.86
AK-47,Case Hardened,378,38.57,3.82
AK-47,Case Hardened,497,30.96,42.57
AK-47,Case Hardened,741,56.84,2.73
AK-47,Case Hardened,752,0.0,21.2
AK-47,Case Hardened,82,0.41,44.75
AK-47,Case Hardened,580,0.0,28.23
AK-47,Case Hardened,365,24.66,2.86
AK-47,Case Hardened,788,41.32,33.8
AK-47,Case Hardened,231,2.76,0.0
AK-47,Case Hardened,590,2.6,7.73
AK-47,Case Hardened,950,0.0,43.46
AK-47,Case Hardened,857,2.72,9.89
AK-47,Case Hardened,892,0.08,28.51
AK-47,Case Hardened,856,0.18,21.22
AK-47,Case Hardened,413,0.63,18.79
AK-47,Case Hardened,968,1.9,9.62
AK-47,Case Hardened,392,5.62,9.22
AK-47,Case Hardened,63,21.11,13.39
AK-47,Case Hardened,604,45.86,7.2
AK-47,Case Hardened,308,0.01,15.09
AK-47,Case Hardened,712,3.44,0.0
AK-47,Case Hardened,671,53.52,0.2
AK-47,Case Hardened,310,0.0,44.28
AK-47,Case Hardened,456,37.23,34.02
AK-47,Case Hardened,814,16.72,26.17
AK-47,Case Hardened,312,0.0,16.83
AK-47,Case Hardened,282,12.57,23.94
AK-47,Case Hardened,84,0.02,1.43
AK-47,Case Hardened,595,0.98,6.78
AK-47,Case Hardened,254,1.61,4.21
AK-47,Case Hardened,861,0.26,9.16
AK-47,Case Hardened,996,4.48,47.75
AK-47,Case Hardened,307,0.05,2.08
AK-47,Case Hardened,722,22.17,0.01
AK-47,Case Hardened,473,13.98,0.2
AK-47,Case Hardened,724,10.53,30.03
AK-47,Case Hardened,12,0.0,0.0
AK-47,Case Hardened,263,10.16,0.23
AK-47,Case Hardened,984,6.17,1.5
AK-47,Case Hardened,318,14.24,3.38
AK-47,Case Hardened,674,8.85,0.64
AK-47,Case Hardened,800,0.69,9.57
AK-47,Case Hardened,126,5.63,36.02
AK-47,Case Hardened,484,0.0,12.65
AK-47,Case Hardened,956,0.53,7.06
AK-47,Case Hardened,464,76.1,16.51
AK-47,Case Hardened,488,18.64,4.46
AK-47,Case Hardened,68,1.81,16.91
AK-47,Case Hardened,875,0.72,15.4
AK-47,Case Hardened,714,33.99,1.35
AK-47,Case Hardened,291,1.13,0.02
AK-47,Case Hardened,795,6.35,32.39
AK-47,Case Hardened,929,6.17,0.65
AK-47,Case Hardened,496,4.86,18.96
AK-47,Case Hardened,851,4.9,0.25
AK-47,Case Hardened,387,2.14,71.16
AK-47,Case Hardened,192,37.02,13.91
AK-47,Case Hardened,547,2.06,12.06
AK-47,Case Hardened,658,26.35,0.26
AK-47,Case Hardened,503,9.47,1.89
AK-47,Case Hardened,566,60.9,16.81
AK-47,Case Hardened,777,0.0,23.23
AK-47,Case Hardened,845,7.84,6.56
AK-47,Case Hardened,943,1.16,0.61
AK-47,Case Hardened,664,6.11,38.46
AK-47,Case Hardened,290,14.22,9.39
AK-47,Case Hardened,731,0.25,3.02
AK-47,Case Hardened,101,8.75,29.63
AK-47,Case Hardened,734,4.04,1.49
AK-47,Case Hardened,210,1.87,6.14
AK-47,Case Hardened,407,1.69,33.29
AK-47,Case Hardened,191,20.91,0.35
AK-47,Case Hardened,169,28.31,36.78
AK-47,Case Hardened,693,4.19,29.57
AK-47,Case Hardened,193,13.33,1.55
AK-47,Case Hardened,352,0.23,22.73
AK-47,Case Hardened,515,0.88,12.02
AK-47,Case Hardened,31,11.63,2.35
AK-47,Case Hardened,112,1.35,50.29
AK-47,Case Hardened,255,57.31,3.14
AK-47,Case Hardened,754,0.56,11.87
AK-47,Case Hardened,586,26.03,3.87
AK-47,Case Hardened,809,4.22,32.38
AK-47,Case Hardened,495,19.59,4.85
AK-47,Case Hardened,750,9.66,51.5
AK-47,Case Hardened,928,6.85,11.31
AK-47,Case Hardened,972,34.05,3.68
AK-47,Case Hardened,558,0.14,20.63
AK-47,Case Hardened,748,13.03,0.09
AK-47,Case Hardened,867,55.5,3.6
AK-47,Case Hardened,70,0.17,0.18
AK-47,Case Hardened,937,15.68,0.01
AK-47,Case Hardened,429,2.48,54.09
AK-47,Case Hardened,289,22.98,6.07
AK-47,Case Hardened,523,10.46,15.52
AK-47,Case Hardened,56,41.91,15.53
AK-47,Case Hardened,665,0.02,11.91
AK-47,Case Hardened,633,45.72,0.6
AK-47,Case Hardened,95,58.11,2.24
AK-47,Case Hardened,284,0.83,16.06
AK-47,Case Hardened,836,7.61,0.93
AK-47,Case Hardened,320,7.45,2.76
AK-47,Case Hardened,793,8.86,18.44
AK-47,Case Hardened,966,0.01,0.0
AK-47,Case Hardened,431,0.92,31.94
AK-47,Case Hardened,149,2.89,21.61
AK-47,Case Hardened,34,51.39,30.33
AK-47,Case Hardened,627,0.09,39.72
AK-47,Case Hardened,919,35.27,22.78
AK-47,Case Hardened,599,0.69,9.71
AK-47,Case Hardened,123,17.14,0.0
AK-47,Case Hardened,487,1.93,2.29
AK-47,Case Hardened,106,0.24,28.01
AK-47,Case Hardened,850,5.54,28.65
AK-47,Case Hardened,67,3.48,7.8
AK-47,Case Hardened,634,0.03,19.48
AK-47,Case Hardened,293,1.24,0.06
AK-47,Case Hardened,747,8.6,0.0
AK-47,Case Hardened,271,0.22,14.07
AK-47,Case Hardened,614,17.44,1.19
AK-47,Case Hardened,330,13.59,9.68
AK-47,Case Hardened,42,0.96,3.32
AK-47,Case Hardened,790,24.6,25.83
AK-47,Case Hardened,970,23.24,25.87
AK-47,Case Hardened,635,5.29,11.3
AK-47,Case Hardened,248,43.32,34.05
AK-47,Case Hardened,181,2.42,0.0
AK-47,Case Hardened,421,20.96,0.96
AK-47,Case Hardened,609,33.38,3.42
AK-47,Case Hardened,605,0.0,35.52
AK-47,Case Hardened,887,1.88,41.99
AK-47,Case Hardened,872,24.66,38.62
AK-47,Case Hardened,43,21.05,0.05
AK-47,Case Hardened,18,51.36,0.37
AK-47,Case Hardened,556,0.75,9.5
AK-47,Case Hardened,147,70.14,43.38
AK-47,Case Hardened,779,10.78,3.34
AK-47,Case Hardened,443,30.6,21.13
AK-47,Case Hardened,971,9.55,2.62
AK-47,Case Hardened,603,24.03,3.34
AK-47,Case Hardened,422,27.26,5.15
AK-47,Case Hardened,447,5.18,31.16
AK-47,Case Hardened,475,37.58,5.02
AK-47,Case Hardened,170,6.73,20.43
AK-47,Case Hardened,611,6.95,1.31
AK-47,Case Hardened,999,1.88,0.0
AK-47,Case Hardened,411,9.87,0.79
AK-47,Case Hardened,829,15.67,0.82
AK-47,Case Hardened,332,9.14,25.77
AK-47,Case Hardened,45,4.42,4.08
AK-47,Case Hardened,120,7.28,0.09
AK-47,Case Hardened,36,1.19,4.05
AK-47,Case Hardened,552,13.84,1.46
AK-47,Case Hardened,174,0.35,14.08
AK-47,Case Hardened,117,0.78,0.72
AK-47,Case Hardened,384,12.3,1.16
AK-47,Case Hardened,593,37.65,1.13
AK-47,Case Hardened,245,5.83,2.08
AK-47,Case Hardened,485,8.11,1.83
AK-47,Case Hardened,831,14.07,17.59
AK-47,Case Hardened,267,27.76,0.0
AK-47,Case Hardened,48,0.4,20.75
AK-47,Case Hardened,715,9.8,34.25
AK-47,Case Hardened,455,32.5,1.0
AK-47,Case Hardened,562,4.03,0.0
AK-47,Case Hardened,472,29.65,1.75
AK-47,Case Hardened,517,0.0,27.94
AK-47,Case Hardened,941,2.92,4.43
AK-47,Case Hardened,216,0.21,26.52
AK-47,Case Hardened,265,0.96,10.33
AK-47,Case Hardened,227,0.22,26.13
AK-47,Case Hardened,737,4.8,0.58
AK-47,Case Hardened,314,41.71,0.93
AK-47,Case Hardened,268,21.73,0.42
AK-47,Case Hardened,441,39.1,2.77
AK-47,Case Hardened,239,6.92,1.2
AK-47,Case Hardened,519,0.21,22.64
AK-47,Case Hardened,626,8.01,0.0
AK-47,Case Hardened,958,19.75,0.31
AK-47,Case Hardened,285,69.74,3.35
AK-47,Case Hardened,353,22.27,2.25
AK-47,Case Hardened,9,1.39,20.55
AK-47,Case Hardened,976,16.7,0.59
AK-47,Case Hardened,987,22.75,0.17
AK-47,Case Hardened,383,0.06,17.54
AK-47,Case Hardened,663,0.02,2.87
AK-47,Case Hardened,816,1.67,2.23
AK-47,Case Hardened,303,0.0,0.08
AK-47,Case Hardened,646,0.68,7.65
AK-47,Case Hardened,769,12.43,0.76
AK-47,Case Hardened,476,43.65,0.01
AK-47,Case Hardened,22,5.12,0.5
AK-47,Case Hardened,104,15.8,1.94
AK-47,Case Hardened,379,60.32,3.84
AK-47,Case Hardened,922,0.36,32.5
AK-47,Case Hardened,98,4.35,3.36
AK-47,Case Hardened,152,3.98,18.3
AK-47,Case Hardened,728,5.49,21.44
AK-47,Case Hardened,908,0.02,0.0
AK-47,Case Hardened,585,0.05,14.84
AK-47,Case Hardened,775,0.0,37.43
AK-47,Case Hardened,550,1.14,1.81
AK-47,Case Hardened,649,0.02,5.66
AK-47,Case Hardened,292,1.9,1.64
AK-47,Case Hardened,440,35.15,1.62
AK-47,Case Hardened,140,11.72,0.88
AK-47,Case Hardened,993,0.14,27.08
AK-47,Case Hardened,915,0.3,12.41
AK-47,Case Hardened,453,1.35,38.72
AK-47,Case Hardened,768,28.69,28.89
AK-47,Case Hardened,259,0.8,20.13
AK-47,Case Hardened,145,0.0,8.91
AK-47,Case Hardened,410,27.13,3.79
AK-47,Case Hardened,560,28.88,11.85
AK-47,Case Hardened,137,1.82,29.42
AK-47,Case Hardened,522,7.86,38.56
AK-47,Case Hardened,250,2.96,1.13
AK-47,Case Hardened,483,10.47,4.42
AK-47,Case Hardened,669,1.24,6.63
AK-47,Case Hardened,113,1.4,12.2
AK-47,Case Hardened,419,0.74,1.24
AK-47,Case Hardened,687,11.82,0.49
AK-47,Case Hardened,380,16.4,10.08
AK-47,Case Hardened,24,34.75,0.0
AK-47,Case Hardened,187,1.28,26.15
AK-47,Case Hardened,309,51.52,0.19
AK-47,Case Hardened,983,0.82,6.24
AK-47,Case Hardened,54,0.53,16.74
AK-47,Case Hardened,859,2.63,5.73
AK-47,Case Hardened,756,19.34,4.86
AK-47,Case Hardened,511,0.68,12.37
AK-47,Case Hardened,653,0.12,2.17
AK-47,Case Hardened,582,6.06,0.81
AK-47,Case Hardened,884,30.59,16.35
AK-47,Case Hardened,287,8.07,19.74
AK-47,Case Hardened,176,5.63,5.56
AK-47,Case Hardened,561,40.68,5.46
AK-47,Case Hardened,776,3.0,24.39
AK-47,Case Hardened,180,3.04,23.67
AK-47,Case Hardened,294,8.9,3.81
AK-47,Case Hardened,324,25.14,9.88
AK-47,Case Hardened,297,4.69,0.0
AK-47,Case Hardened,563,1.98,8.23
AK-47,Case Hardened,451,45.17,1.31
AK-47,Case Hardened,77,19.8,0.91
AK-47,Case Hardened,676,1.86,3.88
AK-47,Case Hardened,698,1.73,48.06
AK-47,Case Hardened,548,4.11,1.38
AK-47,Case Hardened,279,3.47,0.0
AK-47,Case Hardened,799,5.16,5.27
AK-47,Case Hardened,238,11.38,13.36
AK-47,Case Hardened,402,19.39,0.01
AK-47,Case Hardened,812,0.66,2.84
AK-47,Case Hardened,981,11.49,0.03
AK-47,Case Hardened,325,2.97,30.2
AK-47,Case Hardened,369,24.83,9.12
AK-47,Case Hardened,246,0.31,0.1
AK-47,Case Hardened,702,35.16,12.04
AK-47,Case Hardened,32,2.13,33.87
AK-47,Case Hardened,772,3.85,0.0
AK-47,Case Hardened,891,11.59,34.61
AK-47,Case Hardened,727,0.57,12.63
AK-47,Case Hardened,328,38.97,0.12
AK-47,Case Hardened,514,22.88,2.28
AK-47,Case Hardened,877,4.41,11.72
AK-47,Case Hardened,340,1.01,16.0
AK-47,Case Hardened,225,0.0,8.39
AK-47,Case Hardened,247,0.69,1.8
AK-47,Case Hardened,685,1.37,33.38
AK-47,Case Hardened,223,0.36,4.66
AK-47,Case Hardened,489,40.73,0.2
AK-47,Case Hardened,85,1.2,0.53
AK-47,Case Hardened,80,2.43,5.73
AK-47,Case Hardened,368,0.36,19.85
AK-47,Case Hardened,438,1.48,0.43
AK-47,Case Hardened,695,0.0,51.0
AK-47,Case Hardened,361,36.71,0.03
AK-47,Case Hardened,821,0.04,0.14
AK-47,Case Hardened,391,2.35,0.19
AK-47,Case Hardened,596,1.14,7.38
AK-47,Case Hardened,661,7.46,76.13
AK-47,Case Hardened,5,0.01,18.92
AK-47,Case Hardened,642,3.8,2.74
AK-47,Case Hardened,165,9.92,4.35
AK-47,Case Hardened,262,1.15,14.93
AK-47,Case Hardened,681,34.35,33.94
AK-47,Case Hardened,462,0.03,9.75
AK-47,Case Hardened,938,13.75,3.8
AK-47,Case Hardened,264,0.1,5.21
AK-47,Case Hardened,567,8.32,4.73
AK-47,Case Hardened,853,2.04,21.85
AK-47,Case Hardened,372,10.18,4.36
AK-47,Case Hardened,151,4.47,75.49
AK-47,Case Hardened,696,0.01,0.0
AK-47,Case Hardened,897,0.98,0.43
AK-47,Case Hardened,802,1.1,0.46
AK-47,Case Hardened,301,19.69,0.0
AK-47,Case Hardened,490,1.06,11.61
AK-47,Case Hardened,47,0.0,14.67
AK-47,Case Hardened,623,20.69,3.02
AK-47,Case Hardened,631,5.8,17.13
AK-47,Case Hardened,600,15.41,0.26
AK-47,Case Hardened,269,1.12,34.86
AK-47,Case Hardened,6,63.13,3.45
AK-47,Case Hardened,811,6.23,15.67
AK-47,Case Hardened,345,0.61,5.15
AK-47,Case Hardened,837,12.62,1.38
AK-47,Case Hardened,965,7.14,37.62
AK-47,Case Hardened,164,56.0,3.39
AK-47,Case Hardened,945,4.75,1.75
AK-47,Case Hardened,157,0.06,8.49
AK-47,Case Hardened,594,0.83,5.58
AK-47,Case Hardened,212,0.04,4.48
AK-47,Case Hardened,828,6.74,52.01
AK-47,Case Hardened,44,0.0,6.53
AK-47,Case Hardened,417,4.12,10.82
AK-47,Case Hardened,659,7.21,0.15
AK-47,Case Hardened,283,6.68,8.93
AK-47,Case Hardened,27,18.32,0.58
AK-47,Case Hardened,418,0.03,33.53
AK-47,Case Hardened,16,0.15,13.79
AK-47,Case Hardened,58,8.1,5.88
AK-47,Case Hardened,575,3.33,40.58
AK-47,Case Hardened,344,5.67,37.66
AK-47,Case Hardened,243,0.5,6.74
AK-47,Case Hardened,465,0.03,0.97
AK-47,Case Hardened,871,24.96,0.43
AK-47,Case Hardened,643,3.33,18.63
AK-47,Case Hardened,954,0.29,7.56
AK-47,Case Hardened,100,2.09,1.21
AK-47,Case Hardened,363,1.99,42.69
AK-47,Case Hardened,825,9.18,0.01
AK-47,Case Hardened,703,48.12,1.44
AK-47,Case Hardened,757,1.75,1.83
AK-47,Case Hardened,766,3.62,4.69
AK-47,Case Hardened,913,2.68,17.14
AK-47,Case Hardened,183,0.01,2.39
AK-47,Case Hardened,304,0.12,16.95
AK-47,Case Hardened,272,7.55,0.74
AK-47,Case Hardened,338,0.74,2.57
AK-47,Case Hardened,879,6.17,36.14
AK-47,Case Hardened,666,30.02,0.58
AK-47,Case Hardened,673,1.9,0.64
AK-47,Case Hardened,951,0.0,19.11
AK-47,Case Hardened,153,68.77,13.32
AK-47,Case Hardened,608,0.01,18.85
AK-47,Case Hardened,781,24.8,1.53
AK-47,Case Hardened,237,6.06,14.16
AK-47,Case Hardened,878,0.29,36.57
AK-47,Case Hardened,19,40.36,2.36
AK-47,Case Hardened,744,8.11,1.0
AK-47,Case Hardened,154,16.35,3.4
AK-47,Case Hardened,716,68.79,16.2
AK-47,Case Hardened,196,19.54,12.52
AK-47,Case Hardened,982,18.26,4.61
AK-47,Case Hardened,942,6.53,28.72
AK-47,Case Hardened,907,4.51,5.04
AK-47,Case Hardened,529,3.68,13.36
AK-47,Case Hardened,832,1.56,10.54
AK-47,Case Hardened,273,3.23,23.51
AK-47,Case Hardened,960,2.58,0.36
AK-47,Case Hardened,701,29.82,1.67
AK-47,Case Hardened,467,0.0,15.77
AK-47,Case Hardened,530,2.22,0.76
AK-47,Case Hardened,206,33.22,3.25
AK-47,Case Hardened,125,15.17,23.58
AK-47,Case Hardened,226,0.23,15.28
AK-47,Case Hardened,546,38.47,0.08
AK-47,Case Hardened,159,15.41,17.48
AK-47,Case Hardened,785,27.59,6.44
AK-47,Case Hardened,39,5.23,0.4
AK-47,Case Hardened,173,9.05,0.83
AK-47,Case Hardened,393,31.05,10.28
AK-47,Case Hardened,904,17.06,5.73
AK-47,Case Hardened,789,1.58,0.8
AK-47,Case Hardened,377,15.09,27.82
AK-47,Case Hardened,719,0.05,6.51
AK-47,Case Hardened,360,4.52,15.12
AK-47,Case Hardened,207,26.33,8.78
AK-47,Case Hardened,3,5.43,0.78
AK-47,Case Hardened,257,18.05,24.51
AK-47,Case Hardened,822,23.88,0.07
AK-47,Case Hardened,545,0.75,8.84
AK-47,Case Hardened,493,13.71,33.83
AK-47,Case Hardened,348,0.41,11.19
AK-47,Case Hardened,746,34.94,25.34
AK-47,Case Hardened,505,42.02,1.04
AK-47,Case Hardened,914,0.28,13.42
AK-47,Case Hardened,197,2.28,4.35
AK-47,Case Hardened,995,3.23,0.08
AK-47,Case Hardened,707,50.29,1.23
AK-47,Case Hardened,817,3.62,1.18
AK-47,Case Hardened,59,2.16,10.07
AK-47,Case Hardened,326,0.89,1.1
AK-47,Case Hardened,682,5.07,4.68
AK-47,Case Hardened,930,1.81,1.75
AK-47,Case Hardened,876,0.02,6.42
AK-47,Case Hardened,251,22.51,11.36
AK-47,Case Hardened,228,0.02,49.53
AK-47,Case Hardened,41,11.07,1.18
AK-47,Case Hardened,240,2.21,18.24
AK-47,Case Hardened,406,22.51,13.08
AK-47,Case Hardened,204,9.58,26.27
AK-47,Case Hardened,736,1.55,0.42
AK-47,Case Hardened,61,12.06,13.44
AK-47,Case Hardened,218,3.33,0.11
AK-47,Case Hardened,632,7.43,19.82
AK-47,Case Hardened,397,6.44,33.86
AK-47,Case Hardened,540,20.13,0.93
AK-47,Case Hardened,211,3.2,0.01
AK-47,Case Hardened,199,29.58,2.47
AK-47,Case Hardened,252,9.88,1.1
AK-47,Case Hardened,367,36.42,3.61
AK-47,Case Hardened,998,22.96,1.21
AK-47,Case Hardened,598,4.94,12.64
AK-47,Case Hardened,14,5.52,28.13
AK-47,Case Hardened,644,11.13,6.12
AK-47,Case Hardened,852,0.3,8.87
AK-47,Case Hardened,96,0.0,0.1
AK-47,Case Hardened,910,0.03,2.71
AK-47,Case Hardened,619,6.84,3.96
AK-47,Case Hardened,355,7.77,11.31
AK-47,Case Hardened,936,0.47,24.95
AK-47,Case Hardened,863,4.2,2.73
AK-47,Case Hardened,774,14.17,12.04
AK-47,Case Hardened,109,0.82,2.58
AK-47,Case Hardened,602,24.98,11.9
AK-47,Case Hardened,334,2.22,9.58
AK-47,Case Hardened,844,5.66,49.72
AK-47,Case Hardened,127,27.46,5.46
AK-47,Case Hardened,217,12.3,1.66
AK-47,Case Hardened,620,7.18,4.99
AK-47,Case Hardened,244,11.12,13.96
AK-47,Case Hardened,33,24.71,0.95
AK-47,Case Hardened,486,20.57,0.0
AK-47,Case Hardened,940,0.16,2.97
AK-47,Case Hardened,589,12.87,19.36
AK-47,Case Hardened,584,1.92,17.9
AK-47,Case Hardened,810,0.0,0.11
AK-47,Case Hardened,280,39.1,0.12
AK-47,Case Hardened,327,0.05,0.02
AK-47,Case Hardened,787,11.59,0.7
AK-47,Case Hardened,720,44.55,11.14
AK-47,Case Hardened,544,5.09,0.0
AK-47,Case Hardened,53,1.81,5.1
AK-47,Case Hardened,880,41.32,10.45
AK-47,Case Hardened,827,4.88,3.7
AK-47,Case Hardened,624,1.33,19.55
AK-47,Case Hardened,509,1.04,16.25
AK-47,Case Hardened,840,14.64,0.2
AK-47,Case Hardened,881,19.6,6.2
AK-47,Case Hardened,508,1.39,3.32
AK-47,Case Hardened,86,8.77,4.4
AK-47,Case Hardened,565,29.04,7.02
AK-47,Case Hardened,302,2.11,5.75
AK-47,Case Hardened,860,1.07,3.61
AK-47,Case Hardened,446,0.45,16.02
AK-47,Case Hardened,76,2.21,0.37
AK-47,Case Hardened,764,0.0,21.81
AK-47,Case Hardened,581,30.83,5.84
AK-47,Case Hardened,613,0.58,0.08
AK-47,Case Hardened,144,34.17,4.67
AK-47,Case Hardened,46,2.76,0.02
AK-47,Case Hardened,975,1.43,16.27
AK-47,Case Hardened,826,4.93,7.03
AK-47,Case Hardened,607,1.12,1.31
AK-47,Case Hardened,916,2.74,13.58
AK-47,Case Hardened,468,6.26,35.35
AK-47,Case Hardened,298,13.95,5.54
AK-47,Case Hardened,128,20.59,17.68
AK-47,Case Hardened,329,0.01,0.73
AK-47,Case Hardened,37,27.92,19.1
AK-47,Case Hardened,900,0.77,0.01
AK-47,Case Hardened,949,0.19,1.8
AK-47,Case Hardened,650,0.0,3.09
AK-47,Case Hardened,974,1.37,5.8
AK-47,Case Hardened,636,0.0,16.36
AK-47,Case Hardened,20,0.76,26.59
AK-47,Case Hardened,17,9.27,3.03
AK-47,Case Hardened,260,0.33,3.27
AK-47,Case Hardened,478,9.93,0.96
AK-47,Case Hardened,335,1.7,8.82
AK-47,Case Hardened,570,35.91,0.64
AK-47,Case Hardened,934,12.23,0.0
AK-47,Case Hardened,427,10.44,0.89
AK-47,Case Hardened,962,3.08,1.76
AK-47,Case Hardened,71,29.84,0.2
Five-SeveN,Case Hardened,513,,14.57
Five-SeveN,Case Hardened,84,,0.19
Five-SeveN,Case Hardened,406,,0.0
Five-SeveN,Case Hardened,819,,7.16
Five-SeveN,Case Hardened,619,,4.53
Five-SeveN,Case Hardened,273,,65.82
Five-SeveN,Case Hardened,189,,50.12
Five-SeveN,Case Hardened,142,,0.0
Five-SeveN,Case Hardened,478,,7.18
Five-SeveN,Case Hardened,428,,58.58
Five-SeveN,Case Hardened,308,,0.0
Five-SeveN,Case Hardened,546,,0.0
Five-SeveN,Case Hardened,17,,16.48
Five-SeveN,Case Hardened,849,,52.85
Five-SeveN,Case Hardened,175,,0.01
Five-SeveN,Case Hardened,198,,31.89
Five-SeveN,Case Hardened,686,,0.0
Five-SeveN,Case Hardened,753,,36.36
Five-SeveN,Case Hardened,726,,0.0
Five-SeveN,Case Hardened,180,,56.84
Five-SeveN,Case Hardened,985,,56.04
Five-SeveN,Case Hardened,61,,53.82
Five-SeveN,Case Hardened,260,,2.59
Five-SeveN,Case Hardened,92,,33.22
Five-SeveN,Case Hardened,363,,92.74
Five-SeveN,Case Hardened,801,,2.77
Five-SeveN,Case Hardened,632,,62.94
Five-SeveN,Case Hardened,762,,0.0
Five-SeveN,Case Hardened,423,,1.94
Five-SeveN,Case Hardened,604,,0.01
Five-SeveN,Case Hardened,844,,72.44
Five-SeveN,Case Hardened,528,,34.85
Five-SeveN,Case Hardened,953,,20.07
Five-SeveN,Case Hardened,924,,36.36
Five-SeveN,Case Hardened,845,,0.35
Five-SeveN,Case Hardened,578,,25.08
Five-SeveN,Case Hardened,25,,14.95
Five-SeveN,Case Hardened,969,,53.62
Five-SeveN,Case Hardened,998,,0.13
Five-SeveN,Case Hardened,527,,0.0
Five-SeveN,Case Hardened,146,,0.0
Five-SeveN,Case Hardened,804,,0.0
Five-SeveN,Case Hardened,679,,1.87
Five-SeveN,Case Hardened,689,,61.84
Five-SeveN,Case Hardened,147,,35.75
Five-SeveN,Case Hardened,628,,60.27
Five-SeveN,Case Hardened,660,,0.05
Five-SeveN,Case Hardened,931,,0.0
Five-SeveN,Case Hardened,390,,31.67
Five-SeveN,Case Hardened,557,,70.04
Five-SeveN,Case Hardened,2,,20.72
Five-SeveN,Case Hardened,758,,0.0
Five-SeveN,Case Hardened,691,,0.0
Five-SeveN,Case Hardened,244,,2.47
Five-SeveN,Case Hardened,325,,65.0
Five-SeveN,Case Hardened,627,,56.53
Five-SeveN,Case Hardened,243,,19.95
Five-SeveN,Case Hardened,878,,46.58
Five-SeveN,Case Hardened,328,,0.0
Five-SeveN,Case Hardened,305,,0.01
Five-SeveN,Case Hardened,505,,0.05
Five-SeveN,Case Hardened,186,,0.03
Five-SeveN,Case Hardened,320,,1.76
Five-SeveN,Case Hardened,194,,1.72
Five-SeveN,Case Hardened,140,,0.0
Five-SeveN,Case Hardened,56,,14.04
Five-SeveN,Case Hardened,240,,13.74
Five-SeveN,Case Hardened,256,,17.63
Five-SeveN,Case Hardened,871,,0.0
Five-SeveN,Case Hardened,157,,0.1
Five-SeveN,Case Hardened,826,,9.3
Five-SeveN,Case Hardened,135,,0.28
Five-SeveN,Case Hardened,372,,38.53
Five-SeveN,Case Hardened,525,,42.72
Five-SeveN,Case Hardened,861,,13.07
Five-SeveN,Case Hardened,511,,0.0
Five-SeveN,Case Hardened,213,,6.71
Five-SeveN,Case Hardened,465,,0.0
Five-SeveN,Case Hardened,8,,1.58
Five-SeveN,Case Hardened,603,,0.0
Five-SeveN,Case Hardened,516,,4.58
Five-SeveN,Case Hardened,429,,56.56
Five-SeveN,Case Hardened,847,,29.4
Five-SeveN,Case Hardened,897,,0.0
Five-SeveN,Case Hardened,388,,0.36
Five-SeveN,Case Hardened,868,,100.0
Five-SeveN,Case Hardened,14,,55.89
Five-SeveN,Case Hardened,902,,61.6
Five-SeveN,Case Hardened,729,,0.31
Five-SeveN,Case Hardened,132,,16.81
Five-SeveN,Case Hardened,9,,33.32
Five-SeveN,Case Hardened,366,,10.76
Five-SeveN,Case Hardened,610,,0.0
Five-SeveN,Case Hardened,106,,0.01
Five-SeveN,Case Hardened,319,,35.87
Five-SeveN,Case Hardened,973,,0.0
Five-SeveN,Case Hardened,440,,0.0
Five-SeveN,Case Hardened,402,,0.0
Five-SeveN,Case Hardened,384,,0.0
Five-SeveN,Case Hardened,410,,0.07
Five-SeveN,Case Hardened,862,,53.2
Five-SeveN,Case Hardened,322,,38.76
Five-SeveN,Case Hardened,713,,39.4
Five-SeveN,Case Hardened,397,,31.75
Five-SeveN,Case Hardened,242,,40.71
Five-SeveN,Case Hardened,643,,41.89
Five-SeveN,Case Hardened,996,,29.49
Five-SeveN,Case Hardened,303,,0.0
Five-SeveN,Case Hardened,278,,68.73
Five-SeveN,Case Hardened,642,,32.33
Five-SeveN,Case Hardened,503,,0.02
Five-SeveN,Case Hardened,321,,76.87
Five-SeveN,Case Hardened,818,,12.15
Five-SeveN,Case Hardened,197,,10.37
Five-SeveN,Case Hardened,669,,0.34
Five-SeveN,Case Hardened,453,,40.07
Five-SeveN,Case Hardened,124,,0.0
Five-SeveN,Case Hardened,814,,33.41
Five-SeveN,Case Hardened,690,,68.32
Five-SeveN,Case Hardened,752,,7.96
Five-SeveN,Case Hardened,951,,22.89
Five-SeveN,Case Hardened,733,,43.94
Five-SeveN,Case Hardened,29,,37.69
Five-SeveN,Case Hardened,959,,0.3
Five-SeveN,Case Hardened,809,,58.62
Five-SeveN,Case Hardened,539,,16.44
Five-SeveN,Case Hardened,301,,0.0
Five-SeveN,Case Hardened,858,,7.9
Five-SeveN,Case Hardened,299,,2.4
Five-SeveN,Case Hardened,561,,0.0
Five-SeveN,Case Hardened,470,,43.19
Five-SeveN,Case Hardened,823,,78.17
Five-SeveN,Case Hardened,205,,16.14
Five-SeveN,Case Hardened,471,,19.16
Five-SeveN,Case Hardened,948,,54.4
Five-SeveN,Case Hardened,540,,0.0
Five-SeveN,Case Hardened,463,,38.92
Five-SeveN,Case Hardened,151,,67.74
Five-SeveN,Case Hardened,872,,67.55
Five-SeveN,Case Hardened,365,,7.45
Five-SeveN,Case Hardened,532,,64.21
Five-SeveN,Case Hardened,98,,0.87
Five-SeveN,Case Hardened,573,,0.0
Five-SeveN,Case Hardened,164,,0.0
Five-SeveN,Case Hardened,852,,18.72
Five-SeveN,Case Hardened,571,,40.97
Five-SeveN,Case Hardened,515,,37.8
Five-SeveN,Case Hardened,53,,0.06
Five-SeveN,Case Hardened,245,,3.18
Five-SeveN,Case Hardened,381,,64.83
Five-SeveN,Case Hardened,178,,21.01
Five-SeveN,Case Hardened,497,,58.3
Five-SeveN,Case Hardened,879,,75.42
Five-SeveN,Case Hardened,41,,0.0
Five-SeveN,Case Hardened,795,,63.41
Five-SeveN,Case Hardened,318,,0.28
Five-SeveN,Case Hardened,743,,34.97
Five-SeveN,Case Hardened,968,,3.48
Five-SeveN,Case Hardened,550,,0.0
Five-SeveN,Case Hardened,560,,0.88
Five-SeveN,Case Hardened,989,,47.22
Five-SeveN,Case Hardened,863,,0.28
Five-SeveN,Case Hardened,555,,73.86
Five-SeveN,Case Hardened,937,,0.0
Five-SeveN,Case Hardened,997,,0.0
Five-SeveN,Case Hardened,404,,5.85
Five-SeveN,Case Hardened,734,,0.0
Five-SeveN,Case Hardened,469,,0.0
Five-SeveN,Case Hardened,612,,35.6
Five-SeveN,Case Hardened,791,,61.12
Five-SeveN,Case Hardened,177,,0.01
Five-SeveN,Case Hardened,408,,3.85
Five-SeveN,Case Hardened,930,,0.0
Five-SeveN,Case Hardened,387,,73.49
Five-SeveN,Case Hardened,187,,62.56
Five-SeveN,Case Hardened,947,,24.75
Five-SeveN,Case Hardened,226,,1.32
Five-SeveN,Case Hardened,585,,15.96
Five-SeveN,Case Hardened,666,,0.0
Five-SeveN,Case Hardened,980,,0.0
Five-SeveN,Case Hardened,171,,0.0
Five-SeveN,Case Hardened,637,,8.09
Five-SeveN,Case Hardened,192,,0.0
Five-SeveN,Case Hardened,768,,89.45
Five-SeveN,Case Hardened,383,,49.0
Five-SeveN,Case Hardened,661,,73.68
Five-SeveN,Case Hardened,444,,0.0
Five-SeveN,Case Hardened,217,,0.0
Five-SeveN,Case Hardened,430,,57.45
Five-SeveN,Case Hardened,209,,31.11
Five-SeveN,Case Hardened,541,,14.44
Five-SeveN,Case Hardened,6,,0.04
Five-SeveN,Case Hardened,940,,1.51
Five-SeveN,Case Hardened,890,,0.17
Five-SeveN,Case Hardened,587,,4.77
Five-SeveN,Case Hardened,888,,64.61
Five-SeveN,Case Hardened,292,,2.11
Five-SeveN,Case Hardened,231,,0.0
Five-SeveN,Case Hardened,96,,0.0
Five-SeveN,Case Hardened,289,,0.0
Five-SeveN,Case Hardened,732,,3.12
Five-SeveN,Case Hardened,586,,0.0
Five-SeveN,Case Hardened,739,,0.0
Five-SeveN,Case Hardened,13,,73.05
Five-SeveN,Case Hardened,426,,56.06
Five-SeveN,Case Hardened,623,,0.22
Five-SeveN,Case Hardened,631,,34.03
Five-SeveN,Case Hardened,913,,25.98
Five-SeveN,Case Hardened,247,,0.0
Five-SeveN,Case Hardened,648,,55.04
Five-SeveN,Case Hardened,617,,29.13
Five-SeveN,Case Hardened,921,,34.33
Five-SeveN,Case Hardened,460,,20.95
Five-SeveN,Case Hardened,249,,35.5
Five-SeveN,Case Hardened,148,,34.04
Five-SeveN,Case Hardened,702,,47.22
Five-SeveN,Case Hardened,72,,20.2
Five-SeveN,Case Hardened,499,,44.81
Five-SeveN,Case Hardened,486,,0.0
Five-SeveN,Case Hardened,357,,0.22
Five-SeveN,Case Hardened,741,,0.01
Five-SeveN,Case Hardened,575,,47.13
Five-SeveN,Case Hardened,685,,61.87
Five-SeveN,Case Hardened,833,,47.16
Five-SeveN,Case Hardened,592,,65.22
Five-SeveN,Case Hardened,30,,8.16
Five-SeveN,Case Hardened,810,,0.0
Five-SeveN,Case Hardened,11,,5.04
Five-SeveN,Case Hardened,692,,0.0
Five-SeveN,Case Hardened,284,,9.4
Five-SeveN,Case Hardened,421,,0.0
Five-SeveN,Case Hardened,638,,32.89
Five-SeveN,Case Hardened,344,,66.25
Five-SeveN,Case Hardened,927,,72.95
Five-SeveN,Case Hardened,975,,36.16
Five-SeveN,Case Hardened,122,,43.55
Five-SeveN,Case Hardened,887,,55.38
Five-SeveN,Case Hardened,630,,38.96
Five-SeveN,Case Hardened,708,,19.92
Five-SeveN,Case Hardened,542,,19.75
Five-SeveN,Case Hardened,207,,0.0
Five-SeveN,Case Hardened,770,,75.23
Five-SeveN,Case Hardened,413,,49.18
Five-SeveN,Case Hardened,24,,3.62
Five-SeveN,Case Hardened,600,,0.0
Five-SeveN,Case Hardened,938,,33.56
Five-SeveN,Case Hardened,670,,90.11
Five-SeveN,Case Hardened,81,,41.31
Five-SeveN,Case Hardened,277,,0.12
Five-SeveN,Case Hardened,694,,1.94
Five-SeveN,Case Hardened,905,,73.04
Five-SeveN,Case Hardened,494,,19.91
Five-SeveN,Case Hardened,829,,0.0
Five-SeveN,Case Hardened,875,,23.27
Five-SeveN,Case Hardened,416,,0.03
Five-SeveN,Case Hardened,317,,1.57
Five-SeveN,Case Hardened,955,,70.45
Five-SeveN,Case Hardened,450,,43.3
Five-SeveN,Case Hardened,311,,10.12
Five-SeveN,Case Hardened,891,,3.08
Five-SeveN,Case Hardened,735,,0.0
Five-SeveN,Case Hardened,716,,11.43
Five-SeveN,Case Hardened,714,,29.48
Five-SeveN,Case Hardened,705,,4.14
Five-SeveN,Case Hardened,640,,21.18
Five-SeveN,Case Hardened,369,,27.66
Five-SeveN,Case Hardened,12,,0.0
Five-SeveN,Case Hardened,219,,0.0
Five-SeveN,Case Hardened,215,,50.65
Five-SeveN,Case Hardened,3,,7.18
Five-SeveN,Case Hardened,335,,29.58
Five-SeveN,Case Hardened,523,,0.0
Five-SeveN,Case Hardened,121,,38.26
Five-SeveN,Case Hardened,749,,38.77
Five-SeveN,Case Hardened,35,,0.0
Five-SeveN,Case Hardened,108,,0.03
Five-SeveN,Case Hardened,982,,0.0
Five-SeveN,Case Hardened,504,,0.35
Five-SeveN,Case Hardened,720,,38.26
Five-SeveN,Case Hardened,552,,0.14
Five-SeveN,Case Hardened,479,,11.88
Five-SeveN,Case Hardened,700,,47.99
Five-SeveN,Case Hardened,495,,22.25
Five-SeveN,Case Hardened,681,,32.46
Five-SeveN,Case Hardened,202,,10.11
Five-SeveN,Case Hardened,906,,0.0
Five-SeveN,Case Hardened,772,,0.0
Five-SeveN,Case Hardened,396,,65.11
Five-SeveN,Case Hardened,620,,0.0
Five-SeveN,Case Hardened,754,,19.95
Five-SeveN,Case Hardened,933,,0.04
Five-SeveN,Case Hardened,594,,23.25
Five-SeveN,Case Hardened,856,,15.96
Five-SeveN,Case Hardened,841,,32.89
Five-SeveN,Case Hardened,885,,22.49
Five-SeveN,Case Hardened,112,,59.52
Five-SeveN,Case Hardened,605,,0.9
Five-SeveN,Case Hardened,481,,24.95
Five-SeveN,Case Hardened,727,,26.95
Five-SeveN,Case Hardened,28,,46.91
Five-SeveN,Case Hardened,286,,42.12
Five-SeveN,Case Hardened,595,,21.88
Five-SeveN,Case Hardened,602,,0.35
Five-SeveN,Case Hardened,591,,7.11
Five-SeveN,Case Hardened,698,,24.0
Five-SeveN,Case Hardened,506,,6.35
Five-SeveN,Case Hardened,379,,1.36
Five-SeveN,Case Hardened,339,,1.79
Five-SeveN,Case Hardened,941,,30.0
Five-SeveN,Case Hardened,341,,2.66
Five-SeveN,Case Hardened,183,,0.0
Five-SeveN,Case Hardened,870,,0.0
Five-SeveN,Case Hardened,697,,0.0
Five-SeveN,Case Hardened,323,,1.77
Five-SeveN,Case Hardened,981,,0.0
Five-SeveN,Case Hardened,483,,24.58
Five-SeveN,Case Hardened,699,,7.59
Five-SeveN,Case Hardened,101,,46.84
Five-SeveN,Case Hardened,52,,0.0
Five-SeveN,Case Hardened,174,,57.48
Five-SeveN,Case Hardened,348,,0.13
Five-SeveN,Case Hardened,58,,0.46
Five-SeveN,Case Hardened,473,,0.29
Five-SeveN,Case Hardened,954,,0.01
Five-SeveN,Case Hardened,950,,0.84
Five-SeveN,Case Hardened,832,,0.01
Five-SeveN,Case Hardened,89,,1.69
Five-SeveN,Case Hardened,236,,46.01
Five-SeveN,Case Hardened,537,,0.16
Five-SeveN,Case Hardened,179,,58.25
Five-SeveN,Case Hardened,538,,0.0
Five-SeveN,Case Hardened,771,,22.47
Five-SeveN,Case Hardened,760,,40.92
Five-SeveN,Case Hardened,817,,0.0
Five-SeveN,Case Hardened,524,,0.0
Five-SeveN,Case Hardened,294,,1.4
Five-SeveN,Case Hardened,964,,30.23
Five-SeveN,Case Hardened,130,,20.11
Five-SeveN,Case Hardened,900,,16.03
Five-SeveN,Case Hardened,74,,36.08
Five-SeveN,Case Hardened,755,,0.0
Five-SeveN,Case Hardened,139,,13.72
Five-SeveN,Case Hardened,803,,0.0
Five-SeveN,Case Hardened,598,,32.11
Five-SeveN,Case Hardened,259,,10.69
Five-SeveN,Case Hardened,854,,32.77
Five-SeveN,Case Hardened,484,,16.87
Five-SeveN,Case Hardened,466,,31.38
Five-SeveN,Case Hardened,66,,0.0
Five-SeveN,Case Hardened,961,,46.51
Five-SeveN,Case Hardened,451,,0.0
Five-SeveN,Case Hardened,769,,0.0
Five-SeveN,Case Hardened,167,,0.0
Five-SeveN,Case Hardened,265,,20.58
Five-SeveN,Case Hardened,264,,1.94
Five-SeveN,Case Hardened,583,,0.17
Five-SeveN,Case Hardened,285,,0.03
Five-SeveN,Case Hardened,709,,22.73
Five-SeveN,Case Hardened,744,,0.0
Five-SeveN,Case Hardened,724,,63.4
Five-SeveN,Case Hardened,454,,22.95
Five-SeveN,Case Hardened,343,,21.55
Five-SeveN,Case Hardened,22,,0.0
Five-SeveN,Case Hardened,935,,60.51
Five-SeveN,Case Hardened,32,,0.47
Five-SeveN,Case Hardened,442,,44.48
Five-SeveN,Case Hardened,838,,35.81
Five-SeveN,Case Hardened,874,,51.43
Five-SeveN,Case Hardened,57,,18.86
Five-SeveN,Case Hardened,545,,20.65
Five-SeveN,Case Hardened,987,,0.0
Five-SeveN,Case Hardened,459,,31.55
Five-SeveN,Case Hardened,310,,39.83
Five-SeveN,Case Hardened,798,,1.17
Five-SeveN,Case Hardened,220,,0.0
Five-SeveN,Case Hardened,952,,0.05
Five-SeveN,Case Hardened,16,,0.9
Five-SeveN,Case Hardened,75,,0.34
Five-SeveN,Case Hardened,141,,20.54
Five-SeveN,Case Hardened,43,,16.97
Five-SeveN,Case Hardened,785,,0.0
Five-SeveN,Case Hardened,840,,0.0
Five-SeveN,Case Hardened,682,,1.69
Five-SeveN,Case Hardened,65,,19.17
Five-SeveN,Case Hardened,613,,0.0
Five-SeveN,Case Hardened,191,,25.83
Five-SeveN,Case Hardened,315,,21.51
Five-SeveN,Case Hardened,456,,50.17
Five-SeveN,Case Hardened,279,,0.0
Five-SeveN,Case Hardened,608,,0.0
Five-SeveN,Case Hardened,62,,0.0
Five-SeveN,Case Hardened,526,,62.54
Five-SeveN,Case Hardened,126,,70.99
Five-SeveN,Case Hardened,949,,0.0
Five-SeveN,Case Hardened,782,,40.38
Five-SeveN,Case Hardened,208,,43.46
Five-SeveN,Case Hardened,999,,0.0
Five-SeveN,Case Hardened,55,,33.34
Five-SeveN,Case Hardened,40,,11.98
Five-SeveN,Case Hardened,967,,15.35
Five-SeveN,Case Hardened,671,,13.94
Five-SeveN,Case Hardened,82,,31.18
Five-SeveN,Case Hardened,977,,21.92
Five-SeveN,Case Hardened,886,,26.0
Five-SeveN,Case Hardened,283,,20.79
Five-SeveN,Case Hardened,107,,0.0
Five-SeveN,Case Hardened,641,,0.58
Five-SeveN,Case Hardened,655,,24.42
Five-SeveN,Case Hardened,926,,0.0
Five-SeveN,Case Hardened,399,,29.67
Five-SeveN,Case Hardened,173,,13.44
Five-SeveN,Case Hardened,83,,0.0
Five-SeveN,Case Hardened,99,,0.0
Five-SeveN,Case Hardened,326,,0.0
Five-SeveN,Case Hardened,420,,22.92
Five-SeveN,Case Hardened,461,,0.0
Five-SeveN,Case Hardened,922,,52.53
Five-SeveN,Case Hardened,624,,9.02
Five-SeveN,Case Hardened,4,,52.34
Five-SeveN,Case Hardened,711,,1.82
Five-SeveN,Case Hardened,168,,58.31
Five-SeveN,Case Hardened,389,,32.36
Five-SeveN,Case Hardened,731,,0.2
Five-SeveN,Case Hardened,87,,35.27
Five-SeveN,Case Hardened,512,,56.22
Five-SeveN,Case Hardened,824,,0.0
Five-SeveN,Case Hardened,596,,1.25
Five-SeveN,Case Hardened,717,,8.16
Five-SeveN,Case Hardened,304,,4.03
Five-SeveN,Case Hardened,214,,37.87
Five-SeveN,Case Hardened,616,,12.16
Five-SeveN,Case Hardened,482,,0.0
Five-SeveN,Case Hardened,958,,29.84
Five-SeveN,Case Hardened,529,,27.18
Five-SeveN,Case Hardened,645,,39.61
Five-SeveN,Case Hardened,472,,0.0
Five-SeveN,Case Hardened,687,,10.22
Five-SeveN,Case Hardened,468,,68.32
Five-SeveN,Case Hardened,759,,0.0
Five-SeveN,Case Hardened,182,,38.6
Five-SeveN,Case Hardened,979,,37.78
Five-SeveN,Case Hardened,427,,0.0
Five-SeveN,Case Hardened,212,,12.61
Five-SeveN,Case Hardened,0,,0.0
Five-SeveN,Case Hardened,434,,70.11
Five-SeveN,Case Hardened,644,,0.0
Five-SeveN,Case Hardened,647,,38.28
Five-SeveN,Case Hardened,290,,0.0
Five-SeveN,Case Hardened,865,,14.56
Five-SeveN,Case Hardened,238,,0.0
Five-SeveN,Case Hardened,569,,0.16
Five-SeveN,Case Hardened,172,,40.31
Five-SeveN,Case Hardened,704,,29.76
Five-SeveN,Case Hardened,880,,4.96
Five-SeveN,Case Hardened,327,,0.0
Five-SeveN,Case Hardened,152,,0.0
Five-SeveN,Case Hardened,161,,0.0
Five-SeveN,Case Hardened,621,,0.31
Five-SeveN,Case Hardened,677,,0.0
Five-SeveN,Case Hardened,877,,38.39
Five-SeveN,Case Hardened,873,,22.7
Five-SeveN,Case Hardened,367,,0.31
Five-SeveN,Case Hardened,458,,6.46
Five-SeveN,Case Hardened,281,,8.8
Five-SeveN,Case Hardened,765,,0.0
Five-SeveN,Case Hardened,581,,0.0
Five-SeveN,Case Hardened,257,,0.0
Five-SeveN,Case Hardened,150,,7.49
Five-SeveN,Case Hardened,445,,26.72
Five-SeveN,Case Hardened,531,,34.56
Five-SeveN,Case Hardened,828,,61.3
Five-SeveN,Case Hardened,928,,18.67
Five-SeveN,Case Hardened,362,,0.0
Five-SeveN,Case Hardened,88,,15.23
Five-SeveN,Case Hardened,893,,2.51
Five-SeveN,Case Hardened,204,,6.56
Five-SeveN,Case Hardened,519,,22.68
Five-SeveN,Case Hardened,936,,4.2
Five-SeveN,Case Hardened,1,,0.0
Five-SeveN,Case Hardened,802,,0.0
Five-SeveN,Case Hardened,169,,39.56
Five-SeveN,Case Hardened,549,,0.0
Five-SeveN,Case Hardened,786,,0.34
Five-SeveN,Case Hardened,97,,0.0
Five-SeveN,Case Hardened,69,,0.0
Five-SeveN,Case Hardened,218,,0.0
Five-SeveN,Case Hardened,668,,28.7
Five-SeveN,Case Hardened,333,,47.98
Five-SeveN,Case Hardened,203,,34.31
Five-SeveN,Case Hardened,843,,30.26
Five-SeveN,Case Hardened,509,,22.14
Five-SeveN,Case Hardened,629,,3.99
Five-SeveN,Case Hardened,896,,0.0
Five-SeveN,Case Hardened,789,,16.62
Five-SeveN,Case Hardened,577,,59.2
Five-SeveN,Case Hardened,200,,47.04
Five-SeveN,Case Hardened,436,,36.09
Five-SeveN,Case Hardened,447,,57.51
Five-SeveN,Case Hardened,373,,0.0
Five-SeveN,Case Hardened,67,,37.49
Five-SeveN,Case Hardened,747,,0.0
Five-SeveN,Case Hardened,201,,0.0
Five-SeveN,Case Hardened,910,,0.0
Five-SeveN,Case Hardened,589,,30.14
Five-SeveN,Case Hardened,424,,28.99
Five-SeveN,Case Hardened,154,,0.0
Five-SeveN,Case Hardened,793,,2.22
Five-SeveN,Case Hardened,78,,0.36
Five-SeveN,Case Hardened,176,,6.47
Five-SeveN,Case Hardened,352,,0.0
Five-SeveN,Case Hardened,37,,9.44
Five-SeveN,Case Hardened,965,,29.18
Five-SeveN,Case Hardened,508,,32.0
Five-SeveN,Case Hardened,500,,37.02
Five-SeveN,Case Hardened,864,,0.0
Five-SeveN,Case Hardened,547,,38.26
Five-SeveN,Case Hardened,651,,0.0
Five-SeveN,Case Hardened,401,,25.86
Five-SeveN,Case Hardened,227,,31.15
Five-SeveN,Case Hardened,136,,36.56
Five-SeveN,Case Hardened,848,,0.0
Five-SeveN,Case Hardened,376,,0.0
Five-SeveN,Case Hardened,23,,19.82
Five-SeveN,Case Hardened,361,,0.0
Five-SeveN,Case Hardened,104,,0.0
Five-SeveN,Case Hardened,701,,0.0
Five-SeveN,Case Hardened,808,,31.23
Five-SeveN,Case Hardened,103,,70.52
Five-SeveN,Case Hardened,163,,1.99
Five-SeveN,Case Hardened,262,,55.46
Five-SeveN,Case Hardened,110,,27.25
Five-SeveN,Case Hardened,312,,23.48
Five-SeveN,Case Hardened,435,,0.0
Five-SeveN,Case Hardened,582,,0.0
Five-SeveN,Case Hardened,626,,1.17
Five-SeveN,Case Hardened,544,,0.0
Five-SeveN,Case Hardened,316,,34.58
Five-SeveN,Case Hardened,558,,33.83
Five-SeveN,Case Hardened,898,,0.02
Five-SeveN,Case Hardened,750,,48.83
Five-SeveN,Case Hardened,144,,17.8
Five-SeveN,Case Hardened,125,,27.52
Five-SeveN,Case Hardened,477,,17.42
Five-SeveN,Case Hardened,407,,38.59
Five-SeveN,Case Hardened,800,,0.73
Five-SeveN,Case Hardened,983,,0.0
Five-SeveN,Case Hardened,652,,19.81
Five-SeveN,Case Hardened,831,,3.29
MAC-10,Case Hardened,885,,71.88
MAC-10,Case Hardened,209,,4.32
MAC-10,Case Hardened,93,,15.92
MAC-10,Case Hardened,239,,87.01
MAC-10,Case Hardened,913,,30.0
MAC-10,Case Hardened,583,,31.14
MAC-10,Case Hardened,313,,56.13
MAC-10,Case Hardened,400,,73.67
MAC-10,Case Hardened,295,,63.0
MAC-10,Case Hardened,771,,29.48
MAC-10,Case Hardened,748,,53.44
MAC-10,Case Hardened,349,,55.74
MAC-10,Case Hardened,80,,65.54
MAC-10,Case Hardened,577,,40.81
MAC-10,Case Hardened,598,,73.63
MAC-10,Case Hardened,912,,0.0
MAC-10,Case Hardened,782,,28.17
MAC-10,Case Hardened,417,,3.59
MAC-10,Case Hardened,587,,90.54
MAC-10,Case Hardened,831,,64.37
MAC-10,Case Hardened,962,,3.59
MAC-10,Case Hardened,314,,40.86
MAC-10,Case Hardened,807,,72.3
MAC-10,Case Hardened,374,,24.96
MAC-10,Case Hardened,13,,42.14
MAC-10,Case Hardened,905,,5.31
MAC-10,Case Hardened,654,,24.57
MAC-10,Case Hardened,538,,0.04
MAC-10,Case Hardened,310,,0.0
MAC-10,Case Hardened,705,,60.44
MAC-10,Case Hardened,147,,79.91
MAC-10,Case Hardened,95,,87.31
MAC-10,Case Hardened,19,,58.37
MAC-10,Case Hardened,850,,0.02
MAC-10,Case Hardened,546,,92.74
MAC-10,Case Hardened,999,,0.71
MAC-10,Case Hardened,315,,84.5
MAC-10,Case Hardened,501,,56.25
MAC-10,Case Hardened,944,,57.32
MAC-10,Case Hardened,669,,53.96
MAC-10,Case Hardened,503,,82.26
MAC-10,Case Hardened,276,,0.0
MAC-10,Case Hardened,667,,100.0
MAC-10,Case Hardened,199,,72.72
MAC-10,Case Hardened,609,,26.84
MAC-10,Case Hardened,871,,55.59
MAC-10,Case Hardened,956,,24.73
MAC-10,Case Hardened,324,,24.03
MAC-10,Case Hardened,16,,0.0
MAC-10,Case Hardened,467,,0.0
MAC-10,Case Hardened,195,,77.1
MAC-10,Case Hardened,744,,9.29
MAC-10,Case Hardened,380,,29.85
MAC-10,Case Hardened,898,,86.29
MAC-10,Case Hardened,241,,57.17
MAC-10,Case Hardened,70,,21.75
MAC-10,Case Hardened,599,,6.74
MAC-10,Case Hardened,434,,52.4
MAC-10,Case Hardened,153,,57.1
MAC-10,Case Hardened,761,,29.19
MAC-10,Case Hardened,28,,19.62
MAC-10,Case Hardened,681,,21.43
MAC-10,Case Hardened,381,,68.21
MAC-10,Case Hardened,406,,95.62
MAC-10,Case Hardened,297,,13.84
MAC-10,Case Hardened,923,,42.96
MAC-10,Case Hardened,446,,20.62
MAC-10,Case Hardened,652,,75.94
MAC-10,Case Hardened,312,,0.0
MAC-10,Case Hardened,735,,48.45
MAC-10,Case Hardened,127,,51.05
MAC-10,Case Hardened,523,,56.45
MAC-10,Case Hardened,846,,27.37
MAC-10,Case Hardened,29,,80.31
MAC-10,Case Hardened,475,,71.69
MAC-10,Case Hardened,462,,31.92
MAC-10,Case Hardened,915,,3.66
MAC-10,Case Hardened,399,,47.74
MAC-10,Case Hardened,18,,93.98
MAC-10,Case Hardened,293,,45.14
MAC-10,Case Hardened,402,,53.22
MAC-10,Case Hardened,721,,47.13
MAC-10,Case Hardened,22,,42.14
MAC-10,Case Hardened,222,,89.67
MAC-10,Case Hardened,436,,62.36
MAC-10,Case Hardened,338,,0.0
MAC-10,Case Hardened,250,,35.69
MAC-10,Case Hardened,251,,75.87
MAC-10,Case Hardened,890,,29.38
MAC-10,Case Hardened,867,,47.2
MAC-10,Case Hardened,736,,2.82
MAC-10,Case Hardened,390,,53.09
MAC-10,Case Hardened,280,,46.84
MAC-10,Case Hardened,117,,48.43
MAC-10,Case Hardened,602,,53.97
MAC-10,Case Hardened,889,,69.88
MAC-10,Case Hardened,873,,32.82
MAC-10,Case Hardened,964,,73.95
MAC-10,Case Hardened,892,,0.0
MAC-10,Case Hardened,796,,18.26
MAC-10,Case Hardened,5,,0.0
MAC-10,Case Hardened,141,,47.05
MAC-10,Case Hardened,333,,8.08
MAC-10,Case Hardened,972,,69.02
