weapon_name,skin_name,pattern,fade_percentage,fade_rank
Karambit,Fade,612,83.487305,819
Karambit,Fade,590,96.951126,155
Karambit,Fade,463,95.84654,208
Karambit,Fade,707,88.19417,591
Karambit,Fade,961,80.11866,991
Karambit,Fade,477,93.53183,327
Karambit,Fade,971,98.43793,88
Karambit,Fade,675,91.54151,428
Karambit,Fade,673,99.70529,12
Karambit,Fade,871,91.42209,435
Karambit,Fade,274,98.73128,61
Karambit,Fade,138,95.26716,240
Karambit,Fade,669,90.30565,484
Karambit,Fade,988,99.10025,43
Karambit,Fade,189,93.80939,313
Karambit,Fade,325,93.66107,320
Karambit,Fade,733,94.40062,281
Karambit,Fade,78,85.37393,723
Karambit,Fade,565,88.81281,559
Karambit,Fade,448,96.47993,179
Karambit,Fade,874,99.40663,26
Karambit,Fade,880,88.46576,580
Karambit,Fade,165,97.93944,109
Karambit,Fade,168,82.7433,850
Karambit,Fade,685,99.19942,39
Karambit,Fade,206,97.80693,117
Karambit,Fade,497,90.89814,464
Karambit,Fade,572,82.113045,888
Karambit,Fade,602,99.943085,2
Karambit,Fade,162,94.617516,269
Karambit,Fade,116,93.13188,349
Karambit,Fade,556,85.95308,696
Karambit,Fade,561,96.97658,154
Karambit,Fade,711,91.61543,424
Karambit,Fade,184,93.89665,305
Karambit,Fade,681,90.38997,479
Karambit,Fade,997,98.2361,97
Karambit,Fade,529,93.31792,342
Karambit,Fade,728,98.60338,71
Karambit,Fade,135,90.189,493
Karambit,Fade,549,85.38042,722
Karambit,Fade,701,99.87698,6
Karambit,Fade,405,98.66497,66
Karambit,Fade,129,99.48478,23
Karambit,Fade,767,94.90529,259
Karambit,Fade,365,87.64334,616
Karambit,Fade,145,82.3147,875
Karambit,Fade,121,97.840866,116
Karambit,Fade,188,98.474014,83
Karambit,Fade,272,86.35167,678
Karambit,Fade,370,97.922226,111
Karambit,Fade,801,85.79082,707
Karambit,Fade,133,87.44229,629
Karambit,Fade,591,97.766045,118
Karambit,Fade,276,83.66901,811
Karambit,Fade,658,84.53664,759
Karambit,Fade,45,94.40246,280
Karambit,Fade,30,82.679985,854
Karambit,Fade,146,99.76504,8
Karambit,Fade,792,99.545654,21
Karambit,Fade,199,88.90586,553
Karambit,Fade,809,97.09512,147
Karambit,Fade,67,86.77969,660
Karambit,Fade,703,81.77149,906
Karambit,Fade,377,82.663536,857
Karambit,Fade,71,96.35198,185
Karambit,Fade,578,99.10068,42
Karambit,Fade,649,99.93147,4
Karambit,Fade,539,98.37229,89
Karambit,Fade,787,99.403,27
Karambit,Fade,175,86.938614,652
Karambit,Fade,747,80.76094,953
Karambit,Fade,768,89.26187,538
Karambit,Fade,387,94.6996,265
Karambit,Fade,62,95.8438,209
Karambit,Fade,725,97.41702,132
Karambit,Fade,103,83.094604,835
Karambit,Fade,503,89.8342,508
Karambit,Fade,897,80.01474,999
Karambit,Fade,919,92.94654,364
Karambit,Fade,515,95.36939,233
Karambit,Fade,253,94.93849,255
Karambit,Fade,359,99.93629,3
Karambit,Fade,91,87.19567,641
Karambit,Fade,818,96.94644,156
Karambit,Fade,404,96.890015,161
Karambit,Fade,250,93.86602,311
Karambit,Fade,210,83.338554,827
Karambit,Fade,855,91.18265,448
Karambit,Fade,858,97.40794,133
Karambit,Fade,984,84.49212,762
Karambit,Fade,486,81.20673,933
Karambit,Fade,406,98.31559,94
Karambit,Fade,910,80.09454,994
Karambit,Fade,328,96.18939,194
Karambit,Fade,269,94.8407,260
Karambit,Fade,393,99.93004,5
Karambit,Fade,171,98.07886,104
Karambit,Fade,309,96.42507,183
Karambit,Fade,918,99.51993,22
Karambit,Fade,926,91.68398,422
Karambit,Fade,977,97.682526,122
Karambit,Fade,507,94.62933,268
Karambit,Fade,777,99.63098,17
Karambit,Fade,765,87.05792,647
Karambit,Fade,589,97.66103,124
Karambit,Fade,958,95.960106,205
Karambit,Fade,453,85.584175,716
Karambit,Fade,457,99.20368,38
Karambit,Fade,357,86.49533,672
Karambit,Fade,643,88.86668,557
Karambit,Fade,19,87.43148,632
Karambit,Fade,663,95.74011,216
Karambit,Fade,321,96.16026,195
Karambit,Fade,8,98.57353,75
Karambit,Fade,65,86.699196,663
Karambit,Fade,44,92.113464,409
Karambit,Fade,473,96.87557,163
Karambit,Fade,705,99.17804,41
Karambit,Fade,282,82.454384,865
Karambit,Fade,111,84.627884,751
Karambit,Fade,603,92.10892,410
Karambit,Fade,741,87.16927,643
Karambit,Fade,364,96.046326,202
Karambit,Fade,360,92.40249,390
Karambit,Fade,815,83.81964,800
Karambit,Fade,570,95.50324,226
Karambit,Fade,710,96.91219,160
Karambit,Fade,595,92.34922,394
Karambit,Fade,378,98.47071,85
Karambit,Fade,987,90.25495,488
Karambit,Fade,105,80.604,965
Karambit,Fade,170,96.00114,203
Karambit,Fade,10,86.909355,654
Karambit,Fade,797,87.15223,644
Karambit,Fade,46,81.44578,918
Karambit,Fade,142,94.80269,262
Karambit,Fade,929,94.10955,295
Karambit,Fade,541,99.75021,10
Karambit,Fade,618,89.23105,539
Karambit,Fade,485,96.282265,190
Karambit,Fade,519,91.09616,453
Karambit,Fade,965,89.72339,514
Karambit,Fade,928,92.24866,402
Karambit,Fade,134,92.700645,374
Karambit,Fade,530,94.18628,293
Karambit,Fade,271,86.02947,692
Karambit,Fade,315,96.35013,186
Karambit,Fade,311,94.7386,264
Butterfly Knife,Fade,674,83.581436,818
Butterfly Knife,Fade,680,86.06114,699
Butterfly Knife,Fade,332,80.5162,978
Butterfly Knife,Fade,695,93.4562,332
Butterfly Knife,Fade,745,99.13221,59
Butterfly Knife,Fade,61,93.77157,321
Butterfly Knife,Fade,911,99.823746,14
Butterfly Knife,Fade,782,96.32039,193
Butterfly Knife,Fade,537,83.14859,835
Butterfly Knife,Fade,0,84.86796,754
Butterfly Knife,Fade,217,85.73006,711
Butterfly Knife,Fade,140,93.30232,338
Butterfly Knife,Fade,157,95.811485,219
Butterfly Knife,Fade,657,98.395096,88
Butterfly Knife,Fade,590,83.048874,847
Butterfly Knife,Fade,169,89.25987,533
Butterfly Knife,Fade,366,90.71732,466
Butterfly Knife,Fade,433,96.17552,205
Butterfly Knife,Fade,691,83.79801,809
Butterfly Knife,Fade,546,82.3288,879
Butterfly Knife,Fade,998,86.341965,681
Butterfly Knife,Fade,793,99.03928,62
Butterfly Knife,Fade,295,97.314095,149
Butterfly Knife,Fade,879,91.632706,416
Butterfly Knife,Fade,577,99.25364,47
Butterfly Knife,Fade,951,87.21315,633
Butterfly Knife,Fade,254,83.196175,834
Butterfly Knife,Fade,386,88.48505,571
Butterfly Knife,Fade,144,90.25717,489
Butterfly Knife,Fade,55,91.84153,409
Butterfly Knife,Fade,626,83.12948,837
Butterfly Knife,Fade,97,92.96619,354
Butterfly Knife,Fade,191,96.53703,181
Butterfly Knife,Fade,633,94.6343,277
Butterfly Knife,Fade,327,92.46604,381
Butterfly Knife,Fade,19,92.56852,370
Butterfly Knife,Fade,471,81.019875,950
Butterfly Knife,Fade,342,94.8849,267
Butterfly Knife,Fade,781,98.61534,82
Butterfly Knife,Fade,432,87.28757,629
Butterfly Knife,Fade,447,97.844086,117
Butterfly Knife,Fade,405,81.33503,936
Butterfly Knife,Fade,827,98.77002,72
Butterfly Knife,Fade,883,88.11877,588
Butterfly Knife,Fade,914,98.89314,66
Butterfly Knife,Fade,665,97.62409,131
Butterfly Knife,Fade,389,95.76674,224
Butterfly Knife,Fade,197,89.3622,529
Butterfly Knife,Fade,189,86.19061,689
Butterfly Knife,Fade,91,92.80433,361
Butterfly Knife,Fade,403,99.9073,7
Butterfly Knife,Fade,654,94.22321,293
Butterfly Knife,Fade,583,99.538635,27
Butterfly Knife,Fade,293,96.22852,198
Butterfly Knife,Fade,453,94.415825,286
Butterfly Knife,Fade,482,98.14575,103
Butterfly Knife,Fade,910,99.90546,8
Butterfly Knife,Fade,823,92.88599,356
Butterfly Knife,Fade,485,83.717735,812
Butterfly Knife,Fade,341,99.93402,5
Butterfly Knife,Fade,683,81.35399,933
Butterfly Knife,Fade,749,97.139336,155
Butterfly Knife,Fade,442,96.18467,201
Butterfly Knife,Fade,334,84.68019,764
Butterfly Knife,Fade,799,92.322845,388
Butterfly Knife,Fade,876,81.12133,945
Butterfly Knife,Fade,517,99.29843,42
Butterfly Knife,Fade,62,84.1562,793
Butterfly Knife,Fade,123,91.1204,446
Butterfly Knife,Fade,789,98.502686,86
Butterfly Knife,Fade,961,99.88134,11
Butterfly Knife,Fade,266,83.74503,811
Butterfly Knife,Fade,642,85.46936,731
Butterfly Knife,Fade,740,95.77182,223
Butterfly Knife,Fade,550,99.39308,38
Butterfly Knife,Fade,826,81.3153,937
Butterfly Knife,Fade,570,84.49676,776
Butterfly Knife,Fade,353,84.896736,753
Butterfly Knife,Fade,474,90.03818,499
Butterfly Knife,Fade,889,92.46848,380
Butterfly Knife,Fade,129,80.51522,979
Butterfly Knife,Fade,732,81.41313,929
Butterfly Knife,Fade,936,99.20988,54
Butterfly Knife,Fade,891,97.7772,122
Butterfly Knife,Fade,329,82.71807,861
Butterfly Knife,Fade,702,81.52755,918
Butterfly Knife,Fade,437,94.16061,301
Butterfly Knife,Fade,87,99.85692,13
Butterfly Knife,Fade,565,91.18719,443
Butterfly Knife,Fade,917,98.17895,101
Butterfly Knife,Fade,116,86.86812,653
Butterfly Knife,Fade,978,93.98038,309
Butterfly Knife,Fade,701,80.12301,996
Butterfly Knife,Fade,881,97.95822,112
Butterfly Knife,Fade,150,98.89469,65
Butterfly Knife,Fade,107,99.191666,56
Butterfly Knife,Fade,345,98.797516,68
Butterfly Knife,Fade,313,98.167496,102
Butterfly Knife,Fade,146,80.23496,994
Butterfly Knife,Fade,759,97.698875,125
Butterfly Knife,Fade,493,81.78544,903
Butterfly Knife,Fade,528,95.63994,232
Butterfly Knife,Fade,59,87.36542,626
Butterfly Knife,Fade,815,96.18036,202
Butterfly Knife,Fade,201,99.24156,48
Butterfly Knife,Fade,659,87.519424,618
Butterfly Knife,Fade,173,97.83333,120
Butterfly Knife,Fade,414,93.74871,322
Butterfly Knife,Fade,779,90.45186,482
Butterfly Knife,Fade,909,83.23405,833
Butterfly Knife,Fade,119,87.26382,632
Butterfly Knife,Fade,847,91.8304,410
Butterfly Knife,Fade,604,94.189705,298
Butterfly Knife,Fade,848,99.44982,32
Butterfly Knife,Fade,527,99.71006,19
Butterfly Knife,Fade,292,80.33914,987
Butterfly Knife,Fade,772,88.34162,579
Butterfly Knife,Fade,12,96.978134,164
Butterfly Knife,Fade,974,95.43502,244
Butterfly Knife,Fade,703,98.22851,96
Butterfly Knife,Fade,933,95.7915,221
Butterfly Knife,Fade,245,91.450905,427
Butterfly Knife,Fade,794,84.10055,795
Butterfly Knife,Fade,969,87.04904,640
Butterfly Knife,Fade,754,98.913414,64
Butterfly Knife,Fade,852,86.887146,652
Butterfly Knife,Fade,925,99.3481,40
Butterfly Knife,Fade,434,88.00758,591
Butterfly Knife,Fade,832,80.75625,969
Butterfly Knife,Fade,806,94.87904,268
Butterfly Knife,Fade,326,99.884705,10
Butterfly Knife,Fade,597,98.17909,100
Butterfly Knife,Fade,897,99.98526,3
Butterfly Knife,Fade,825,99.2387,50
Butterfly Knife,Fade,833,90.71473,467
Butterfly Knife,Fade,328,83.81061,808
Butterfly Knife,Fade,339,89.44621,526
Butterfly Knife,Fade,903,93.95849,312
Butterfly Knife,Fade,439,93.21369,343
Butterfly Knife,Fade,147,99.14938,58
Butterfly Knife,Fade,438,84.206314,788
Butterfly Knife,Fade,636,99.98052,4
Butterfly Knife,Fade,262,85.51311,729
Butterfly Knife,Fade,381,97.57361,135
Butterfly Knife,Fade,869,83.27047,831
Butterfly Knife,Fade,31,86.85211,654
Butterfly Knife,Fade,508,97.40181,142
Butterfly Knife,Fade,180,90.10289,496
Butterfly Knife,Fade,251,93.771645,320
Butterfly Knife,Fade,905,92.430855,385
Butterfly Knife,Fade,575,99.99284,2
Butterfly Knife,Fade,679,89.05433,541
Butterfly Knife,Fade,994,80.37013,984
Butterfly Knife,Fade,669,89.69435,518
Butterfly Knife,Fade,229,97.97564,111
Butterfly Knife,Fade,893,87.45831,621
Butterfly Knife,Fade,868,82.39743,874
Butterfly Knife,Fade,302,97.05907,159
Butterfly Knife,Fade,412,80.0,1001
Butterfly Knife,Fade,429,96.86402,170
Butterfly Knife,Fade,888,92.08,398
Butterfly Knife,Fade,986,88.4733,573
Butterfly Knife,Fade,534,89.03041,543
Butterfly Knife,Fade,141,98.30182,91
Butterfly Knife,Fade,603,87.89108,592
Butterfly Knife,Fade,758,95.894905,216
Butterfly Knife,Fade,352,88.015335,590
Butterfly Knife,Fade,42,85.25621,739
Butterfly Knife,Fade,424,96.56946,179
Butterfly Knife,Fade,199,91.09414,449
Butterfly Knife,Fade,611,85.07577,745
Butterfly Knife,Fade,744,86.33587,683
Butterfly Knife,Fade,571,99.287506,43
Butterfly Knife,Fade,712,98.20456,98
Butterfly Knife,Fade,348,99.72571,18
Butterfly Knife,Fade,93,99.92494,6
Butterfly Knife,Fade,521,99.79722,15
Butterfly Knife,Fade,764,82.36517,877
Butterfly Knife,Fade,763,100.0,1
Butterfly Knife,Fade,979,96.170784,206
Butterfly Knife,Fade,652,80.76957,968
Butterfly Knife,Fade,462,97.86606,116
Butterfly Knife,Fade,651,99.78192,16
Butterfly Knife,Fade,956,98.77781,71
Butterfly Knife,Fade,38,92.87309,357
Butterfly Knife,Fade,71,83.64802,817
Butterfly Knife,Fade,977,82.317474,880
Butterfly Knife,Fade,29,98.731544,73
Butterfly Knife,Fade,406,81.68441,908
Butterfly Knife,Fade,976,82.816246,857
Butterfly Knife,Fade,321,83.83974,807
Butterfly Knife,Fade,714,99.6595,21
Butterfly Knife,Fade,958,84.039894,797
Butterfly Knife,Fade,51,92.1519,397
Butterfly Knife,Fade,212,96.59778,178
Butterfly Knife,Fade,927,88.84882,550
Butterfly Knife,Fade,69,92.25782,393
Butterfly Knife,Fade,271,93.97053,310
Butterfly Knife,Fade,800,99.20711,55
Butterfly Knife,Fade,730,86.37498,680
Butterfly Knife,Fade,797,92.84777,358
Butterfly Knife,Fade,963,92.62307,369
Butterfly Knife,Fade,220,86.12552,692
Butterfly Knife,Fade,207,92.62556,368
Butterfly Knife,Fade,120,90.59686,472
Butterfly Knife,Fade,67,93.22031,342
Butterfly Knife,Fade,103,96.905396,167
Butterfly Knife,Fade,533,92.79391,363
Butterfly Knife,Fade,697,95.19317,257
Butterfly Knife,Fade,539,81.62771,913
Butterfly Knife,Fade,81,91.0197,455
Butterfly Knife,Fade,870,92.17929,395
Butterfly Knife,Fade,273,95.04857,260
Butterfly Knife,Fade,73,97.32149,147
Butterfly Knife,Fade,145,97.6853,127
Butterfly Knife,Fade,631,80.98981,954
Butterfly Knife,Fade,264,91.01464,456
Butterfly Knife,Fade,375,98.69435,76
Butterfly Knife,Fade,973,87.6253,610
Butterfly Knife,Fade,573,93.994,308
Butterfly Knife,Fade,311,85.2614,738
Butterfly Knife,Fade,79,95.73502,226
Butterfly Knife,Fade,475,93.889175,315
Butterfly Knife,Fade,557,89.353004,530
Butterfly Knife,Fade,415,84.332695,784
Butterfly Knife,Fade,425,85.97793,701
Butterfly Knife,Fade,710,83.08781,842
Butterfly Knife,Fade,461,81.70943,906
Butterfly Knife,Fade,440,97.014854,160
M9 Bayonet,Fade,900,92.01548,401
M9 Bayonet,Fade,942,94.973274,262
M9 Bayonet,Fade,563,90.720535,465
M9 Bayonet,Fade,80,98.105545,105
M9 Bayonet,Fade,551,86.54489,673
M9 Bayonet,Fade,722,91.97774,403
M9 Bayonet,Fade,455,98.22597,97
M9 Bayonet,Fade,522,80.905914,958
M9 Bayonet,Fade,10,93.090645,348
M9 Bayonet,Fade,705,80.82197,961
M9 Bayonet,Fade,376,95.47685,241
M9 Bayonet,Fade,570,84.49676,776
M9 Bayonet,Fade,42,85.25621,739
M9 Bayonet,Fade,704,90.218636,490
M9 Bayonet,Fade,775,91.34784,436
M9 Bayonet,Fade,207,92.62556,368
M9 Bayonet,Fade,270,91.430626,432
M9 Bayonet,Fade,310,85.71711,712
M9 Bayonet,Fade,0,84.86796,754
M9 Bayonet,Fade,447,97.844086,117
M9 Bayonet,Fade,482,98.14575,103
M9 Bayonet,Fade,838,98.25357,93
M9 Bayonet,Fade,669,89.69435,518
M9 Bayonet,Fade,341,99.93402,5
M9 Bayonet,Fade,87,99.85692,13
M9 Bayonet,Fade,866,95.38646,250
M9 Bayonet,Fade,837,92.82354,360
M9 Bayonet,Fade,633,94.6343,277
M9 Bayonet,Fade,574,86.2581,685
M9 Bayonet,Fade,712,98.20456,98
M9 Bayonet,Fade,203,83.326965,829
M9 Bayonet,Fade,321,83.83974,807
M9 Bayonet,Fade,246,85.96637,702
M9 Bayonet,Fade,842,91.314384,438
M9 Bayonet,Fade,586,96.61786,176
M9 Bayonet,Fade,901,94.80944,269
M9 Bayonet,Fade,286,86.93599,646
M9 Bayonet,Fade,77,88.14451,587
M9 Bayonet,Fade,444,81.01974,951
M9 Bayonet,Fade,446,96.033356,212
M9 Bayonet,Fade,583,99.538635,27
M9 Bayonet,Fade,3,84.65734,768
M9 Bayonet,Fade,678,85.56126,727
M9 Bayonet,Fade,449,99.27049,45
M9 Bayonet,Fade,6,96.7776,172
M9 Bayonet,Fade,824,99.230415,52
M9 Bayonet,Fade,25,91.962906,404
M9 Bayonet,Fade,600,87.62092,611
M9 Bayonet,Fade,782,96.32039,193
M9 Bayonet,Fade,278,98.789215,70
M9 Bayonet,Fade,99,90.85053,462
M9 Bayonet,Fade,322,91.393555,433
M9 Bayonet,Fade,15,90.21038,491
M9 Bayonet,Fade,803,81.39856,930
M9 Bayonet,Fade,763,100.0,1
M9 Bayonet,Fade,439,93.21369,343
M9 Bayonet,Fade,256,99.45271,31
M9 Bayonet,Fade,5,81.65112,909
M9 Bayonet,Fade,338,90.01888,500
M9 Bayonet,Fade,706,82.12952,887
M9 Bayonet,Fade,186,89.00754,545
M9 Bayonet,Fade,555,84.736786,761
M9 Bayonet,Fade,43,97.72865,123
M9 Bayonet,Fade,826,81.3153,937
M9 Bayonet,Fade,605,84.157196,792
M9 Bayonet,Fade,130,97.70896,124
M9 Bayonet,Fade,667,84.49704,775
M9 Bayonet,Fade,598,85.41169,732
M9 Bayonet,Fade,285,96.51474,182
M9 Bayonet,Fade,476,89.06093,540
M9 Bayonet,Fade,870,92.17929,395
M9 Bayonet,Fade,968,98.66997,78
M9 Bayonet,Fade,422,99.41141,35
M9 Bayonet,Fade,76,97.086235,158
M9 Bayonet,Fade,509,89.9945,503
M9 Bayonet,Fade,839,87.43099,624
M9 Bayonet,Fade,226,86.40262,678
M9 Bayonet,Fade,910,99.90546,8
M9 Bayonet,Fade,138,84.73284,762
M9 Bayonet,Fade,701,80.12301,996
M9 Bayonet,Fade,899,84.628555,770
M9 Bayonet,Fade,651,99.78192,16
M9 Bayonet,Fade,577,99.25364,47
M9 Bayonet,Fade,32,81.484375,922
M9 Bayonet,Fade,413,84.239685,787
M9 Bayonet,Fade,625,92.03661,400
M9 Bayonet,Fade,301,93.96095,311
M9 Bayonet,Fade,212,96.59778,178
M9 Bayonet,Fade,281,80.32862,988
M9 Bayonet,Fade,518,94.19794,296
M9 Bayonet,Fade,791,82.54947,872
M9 Bayonet,Fade,313,98.167496,102
M9 Bayonet,Fade,34,99.476295,30
M9 Bayonet,Fade,175,93.061386,350
M9 Bayonet,Fade,690,98.70469,75
M9 Bayonet,Fade,357,93.50467,330
M9 Bayonet,Fade,849,98.61038,83
M9 Bayonet,Fade,790,96.94011,166
M9 Bayonet,Fade,184,86.10335,697
M9 Bayonet,Fade,907,84.836235,757
M9 Bayonet,Fade,607,80.93986,957
M9 Bayonet,Fade,659,87.519424,618
M9 Bayonet,Fade,94,96.85886,171
Bayonet,Fade,555,84.736786,761
Bayonet,Fade,199,91.09414,449
Bayonet,Fade,727,82.824455,856
Bayonet,Fade,849,98.61038,83
Bayonet,Fade,884,94.805214,270
Bayonet,Fade,953,96.31313,194
Bayonet,Fade,487,96.09952,210
Bayonet,Fade,23,95.41523,245
Bayonet,Fade,834,99.40328,36
Bayonet,Fade,610,86.12312,693
Bayonet,Fade,276,96.33099,191
Bayonet,Fade,583,99.538635,27
Bayonet,Fade,490,87.833,596
Bayonet,Fade,653,81.27133,940
Bayonet,Fade,747,99.23906,49
Bayonet,Fade,144,90.25717,489
Bayonet,Fade,794,84.10055,795
Bayonet,Fade,505,90.35257,484
Bayonet,Fade,830,92.214226,394
Bayonet,Fade,889,92.46848,380
Bayonet,Fade,575,99.99284,2
Bayonet,Fade,768,90.73813,464
Bayonet,Fade,498,86.965576,645
Bayonet,Fade,226,86.40262,678
Bayonet,Fade,361,96.387886,189
Bayonet,Fade,517,99.29843,42
Bayonet,Fade,116,86.86812,653
Bayonet,Fade,985,90.51454,476
Bayonet,Fade,395,98.64656,79
Bayonet,Fade,251,93.771645,320
Bayonet,Fade,312,94.89454,266
Bayonet,Fade,332,80.5162,978
Bayonet,Fade,942,94.973274,262
Bayonet,Fade,326,99.884705,10
Bayonet,Fade,63,94.673164,274
Bayonet,Fade,810,82.59926,867
Bayonet,Fade,593,84.456406,780
Bayonet,Fade,201,99.24156,48
Bayonet,Fade,247,90.4576,480
Bayonet,Fade,278,98.789215,70
Bayonet,Fade,855,88.81735,554
Bayonet,Fade,5,81.65112,909
Bayonet,Fade,782,96.32039,193
Bayonet,Fade,664,99.33543,41
Bayonet,Fade,136,98.199715,99
Bayonet,Fade,897,99.98526,3
Bayonet,Fade,359,80.06371,999
Bayonet,Fade,96,85.682396,714
Bayonet,Fade,960,96.76916,173
Bayonet,Fade,811,96.049126,211
Bayonet,Fade,690,98.70469,75
Bayonet,Fade,508,97.40181,142
Bayonet,Fade,759,97.698875,125
Bayonet,Fade,357,93.50467,330
Bayonet,Fade,154,96.29813,195
Bayonet,Fade,223,97.83592,119
Bayonet,Fade,669,89.69435,518
Bayonet,Fade,61,93.77157,321
Bayonet,Fade,439,93.21369,343
Bayonet,Fade,754,98.913414,64
Bayonet,Fade,41,99.75568,17
Bayonet,Fade,428,99.150696,57
Bayonet,Fade,56,91.44809,429
Bayonet,Fade,975,99.44453,33
Bayonet,Fade,780,80.708405,971
Bayonet,Fade,238,82.24045,882
Bayonet,Fade,648,99.437584,34
Bayonet,Fade,513,96.60277,177
Bayonet,Fade,127,89.349045,531
Bayonet,Fade,323,94.64459,276
Bayonet,Fade,488,97.443436,141
Bayonet,Fade,556,94.04692,306
Bayonet,Fade,962,83.07711,843
Bayonet,Fade,53,93.74309,323
Bayonet,Fade,819,92.56709,371
Bayonet,Fade,726,98.11415,104
Bayonet,Fade,494,99.26756,46
Bayonet,Fade,737,94.75229,271
Bayonet,Fade,451,84.96996,751
Bayonet,Fade,315,83.64988,816
Bayonet,Fade,139,93.23712,341
Bayonet,Fade,781,98.61534,82
Bayonet,Fade,966,81.64957,911
Bayonet,Fade,261,89.9971,502
Bayonet,Fade,176,95.69015,230
Bayonet,Fade,466,97.64072,129
Bayonet,Fade,37,96.1083,209
Bayonet,Fade,793,99.03928,62
Bayonet,Fade,863,96.11717,208
Bayonet,Fade,375,98.69435,76
Bayonet,Fade,94,96.85886,171
Bayonet,Fade,954,87.270454,630
Bayonet,Fade,399,99.22639,53
Bayonet,Fade,596,95.30395,252
Bayonet,Fade,598,85.41169,732
Bayonet,Fade,438,84.206314,788
Bayonet,Fade,979,96.170784,206
Bayonet,Fade,936,99.20988,54
Bayonet,Fade,614,81.25247,942
Bayonet,Fade,18,95.387474,249
Bayonet,Fade,911,99.823746,14
Bayonet,Fade,896,87.641945,609
Bayonet,Fade,427,93.86661,316
Bayonet,Fade,636,99.98052,4
Bayonet,Fade,581,90.512436,477
Bayonet,Fade,940,97.6268,130
Bayonet,Fade,751,98.72566,74
Bayonet,Fade,440,97.014854,160
Bayonet,Fade,228,93.50821,329
Bayonet,Fade,910,99.90546,8
Bayonet,Fade,797,92.84777,358
Bayonet,Fade,748,89.932526,505
Bayonet,Fade,891,97.7772,122
Bayonet,Fade,6,96.7776,172
Bayonet,Fade,336,96.32445,192
Bayonet,Fade,150,98.89469,65
Bayonet,Fade,217,85.73006,711
Bayonet,Fade,347,92.50653,377
Bayonet,Fade,321,83.83974,807
Bayonet,Fade,235,86.59677,667
Bayonet,Fade,432,87.28757,629
Bayonet,Fade,675,88.45849,574
Flip Knife,Fade,914,98.89314,66
Flip Knife,Fade,910,99.90546,8
Flip Knife,Fade,577,99.25364,47
Flip Knife,Fade,754,98.913414,64
Flip Knife,Fade,789,98.502686,86
Flip Knife,Fade,773,80.978004,955
Flip Knife,Fade,724,91.25651,441
Flip Knife,Fade,328,83.81061,808
Flip Knife,Fade,599,98.52898,85
Flip Knife,Fade,608,98.05446,108
Flip Knife,Fade,325,86.33893,682
Flip Knife,Fade,666,95.03483,261
Flip Knife,Fade,850,92.27831,392
Flip Knife,Fade,556,94.04692,306
Flip Knife,Fade,809,82.90488,855
Flip Knife,Fade,379,93.05929,352
Flip Knife,Fade,687,96.411064,188
Flip Knife,Fade,431,94.96419,263
Flip Knife,Fade,514,97.6086,132
Flip Knife,Fade,260,97.331116,146
Flip Knife,Fade,601,99.69995,20
Flip Knife,Fade,92,90.45326,481
Flip Knife,Fade,122,89.7364,515
Flip Knife,Fade,533,92.79391,363
Flip Knife,Fade,388,84.9682,752
Flip Knife,Fade,63,94.673164,274
Flip Knife,Fade,671,89.992134,504
Flip Knife,Fade,192,91.37389,434
Flip Knife,Fade,120,90.59686,472
Flip Knife,Fade,54,85.02791,749
Flip Knife,Fade,110,83.46602,825
Flip Knife,Fade,712,98.20456,98
Flip Knife,Fade,844,82.377396,876
Flip Knife,Fade,308,98.251114,95
Flip Knife,Fade,737,94.75229,271
Flip Knife,Fade,37,96.1083,209
Flip Knife,Fade,174,86.6617,664
Flip Knife,Fade,321,83.83974,807
Flip Knife,Fade,336,96.32445,192
Flip Knife,Fade,222,83.919106,801
Flip Knife,Fade,777,80.36902,985
Flip Knife,Fade,944,99.49277,28
Flip Knife,Fade,424,96.56946,179
Flip Knife,Fade,494,99.26756,46
Flip Knife,Fade,118,94.18361,299
Flip Knife,Fade,466,97.64072,129
Flip Knife,Fade,741,92.83073,359
Flip Knife,Fade,827,98.77002,72
Flip Knife,Fade,404,83.109985,841
Flip Knife,Fade,976,82.816246,857
Flip Knife,Fade,888,92.08,398
Flip Knife,Fade,303,86.80988,656
Flip Knife,Fade,394,86.66998,662
Flip Knife,Fade,746,84.17954,791
Flip Knife,Fade,348,99.72571,18
Flip Knife,Fade,865,86.819664,655
Flip Knife,Fade,372,82.68757,863
Flip Knife,Fade,378,81.52929,917
Flip Knife,Fade,655,81.8587,900
Flip Knife,Fade,710,83.08781,842
Flip Knife,Fade,295,97.314095,149
Flip Knife,Fade,751,98.72566,74
Flip Knife,Fade,242,89.666084,520
Flip Knife,Fade,774,95.8461,218
Flip Knife,Fade,642,85.46936,731
Flip Knife,Fade,688,80.241974,993
Flip Knife,Fade,638,87.59428,614
Flip Knife,Fade,824,99.230415,52
Flip Knife,Fade,59,87.36542,626
Flip Knife,Fade,668,99.57256,26
Flip Knife,Fade,810,82.59926,867
Flip Knife,Fade,421,95.188614,258
Flip Knife,Fade,993,95.806046,220
Flip Knife,Fade,310,85.71711,712
Flip Knife,Fade,358,98.085175,106
Flip Knife,Fade,420,90.00073,501
Flip Knife,Fade,513,96.60277,177
Flip Knife,Fade,762,96.75452,174
Flip Knife,Fade,518,94.19794,296
Flip Knife,Fade,747,99.23906,49
Flip Knife,Fade,892,99.60272,24
Flip Knife,Fade,508,97.40181,142
Flip Knife,Fade,961,99.88134,11
Flip Knife,Fade,975,99.44453,33
Flip Knife,Fade,272,93.64833,324
Flip Knife,Fade,519,88.90384,549
Flip Knife,Fade,64,97.82538,121
Flip Knife,Fade,986,88.4733,573
Flip Knife,Fade,311,85.2614,738
Flip Knife,Fade,658,95.46336,243
Flip Knife,Fade,945,90.967834,460
Flip Knife,Fade,80,98.105545,105
Flip Knife,Fade,155,96.891815,169
Flip Knife,Fade,701,80.12301,996
Flip Knife,Fade,873,81.17899,943
Flip Knife,Fade,674,83.581436,818
Flip Knife,Fade,884,94.805214,270
Flip Knife,Fade,896,87.641945,609
Talon Knife,Fade,848,80.55018,970
Talon Knife,Fade,154,83.70187,807
Talon Knife,Fade,768,89.26187,538
Talon Knife,Fade,523,91.35301,439
Talon Knife,Fade,930,96.88927,162
Talon Knife,Fade,593,95.543594,222
Talon Knife,Fade,822,95.3925,231
Talon Knife,Fade,217,94.26994,291
Talon Knife,Fade,985,89.48546,526
Talon Knife,Fade,307,96.3217,188
Talon Knife,Fade,617,86.75469,662
Talon Knife,Fade,941,97.091995,148
Talon Knife,Fade,938,88.893234,555
Talon Knife,Fade,649,99.93147,4
Talon Knife,Fade,761,98.8992,55
Talon Knife,Fade,180,89.89711,506
Talon Knife,Fade,541,99.75021,10
Talon Knife,Fade,181,81.95848,893
Talon Knife,Fade,195,97.01477,153
Talon Knife,Fade,41,80.24432,985
Talon Knife,Fade,380,80.723564,958
Talon Knife,Fade,777,99.63098,17
Talon Knife,Fade,980,96.56067,175
Talon Knife,Fade,647,96.68869,172
Talon Knife,Fade,636,80.01948,998
Talon Knife,Fade,847,88.1696,592
Talon Knife,Fade,234,96.14691,196
Talon Knife,Fade,68,98.043304,105
Talon Knife,Fade,755,89.31532,533
Talon Knife,Fade,880,88.46576,580
Talon Knife,Fade,348,80.27429,984
Talon Knife,Fade,607,99.06014,45
Talon Knife,Fade,743,99.701004,13
Talon Knife,Fade,950,87.32831,635
Talon Knife,Fade,624,95.333374,235
Talon Knife,Fade,910,80.09454,994
Talon Knife,Fade,505,89.64743,518
Talon Knife,Fade,594,93.256485,345
Talon Knife,Fade,468,80.10967,993
Talon Knife,Fade,300,86.89121,656
Talon Knife,Fade,399,80.77361,949
Talon Knife,Fade,905,87.569145,617
Talon Knife,Fade,837,87.17646,642
Talon Knife,Fade,104,84.153175,785
Talon Knife,Fade,101,90.15349,494
Talon Knife,Fade,265,92.49912,382
Talon Knife,Fade,542,90.47226,478
Talon Knife,Fade,492,93.43566,332
Talon Knife,Fade,366,89.28268,536
Talon Knife,Fade,150,81.10531,937
Talon Knife,Fade,911,80.176254,988
Talon Knife,Fade,679,90.94567,461
Talon Knife,Fade,873,98.82101,59
Talon Knife,Fade,398,91.35462,438
Talon Knife,Fade,34,80.523705,972
Talon Knife,Fade,660,99.180084,40
Talon Knife,Fade,832,99.24375,33
Talon Knife,Fade,309,96.42507,183
Talon Knife,Fade,584,85.66883,711
Talon Knife,Fade,146,99.76504,8
Talon Knife,Fade,198,90.62172,474
Talon Knife,Fade,103,83.094604,835
Talon Knife,Fade,313,81.832504,900
Talon Knife,Fade,709,94.36433,284
Talon Knife,Fade,292,99.66086,15
Talon Knife,Fade,451,95.03004,251
Talon Knife,Fade,403,80.0927,995
Talon Knife,Fade,507,94.62933,268
Talon Knife,Fade,3,95.34266,234
Talon Knife,Fade,130,82.29104,878
Talon Knife,Fade,420,89.99927,501
Talon Knife,Fade,820,93.82711,312
Talon Knife,Fade,44,92.113464,409
Talon Knife,Fade,496,96.08839,199
Talon Knife,Fade,596,84.69605,750
Talon Knife,Fade,43,82.27135,879
Talon Knife,Fade,73,82.67851,855
Talon Knife,Fade,20,93.87963,308
Talon Knife,Fade,765,87.05792,647
Talon Knife,Fade,38,87.12691,645
Talon Knife,Fade,112,98.85892,58
Talon Knife,Fade,908,99.36392,28
Talon Knife,Fade,779,89.54814,520
Talon Knife,Fade,495,89.51659,523
Talon Knife,Fade,597,81.82091,902
Talon Knife,Fade,602,99.943085,2
Talon Knife,Fade,744,93.66412,319
Talon Knife,Fade,850,87.72169,610
Talon Knife,Fade,184,93.89665,305
Talon Knife,Fade,142,94.80269,262
Talon Knife,Fade,512,85.63693,713
Talon Knife,Fade,645,84.37446,769
Talon Knife,Fade,695,86.5438,670
Talon Knife,Fade,932,88.3768,585
Talon Knife,Fade,548,87.5418,619
Talon Knife,Fade,705,99.17804,41
Talon Knife,Fade,445,95.81311,212
Talon Knife,Fade,870,87.82071,607
Talon Knife,Fade,227,83.49699,818
Talon Knife,Fade,628,99.547104,20
Talon Knife,Fade,156,97.61364,127
Talon Knife,Fade,728,98.60338,71
Talon Knife,Fade,935,93.087776,352
Talon Knife,Fade,173,82.16667,882
Talon Knife,Fade,466,82.35928,873
Talon Knife,Fade,164,94.35156,286
Talon Knife,Fade,176,84.30985,772
Talon Knife,Fade,587,83.82404,798
Talon Knife,Fade,16,99.77612,7
Talon Knife,Fade,46,81.44578,918
Talon Knife,Fade,876,98.87867,57
Talon Knife,Fade,21,82.44399,866
Talon Knife,Fade,359,99.93629,3
Talon Knife,Fade,657,81.60491,914
Talon Knife,Fade,501,88.90404,554
Talon Knife,Fade,498,93.034424,357
Talon Knife,Fade,966,98.35043,91
Talon Knife,Fade,998,93.658035,321
Talon Knife,Fade,735,86.587425,668
Talon Knife,Fade,718,87.47394,627
Talon Knife,Fade,922,98.23447,98
Talon Knife,Fade,608,81.94554,894
Talon Knife,Fade,653,98.72867,62
Talon Knife,Fade,339,90.55379,476
Talon Knife,Fade,611,94.92423,257
Talon Knife,Fade,35,89.48506,527
Talon Knife,Fade,412,100.0,1
Talon Knife,Fade,763,80.0,1001
Talon Knife,Fade,446,83.96664,790
Talon Knife,Fade,317,91.43389,434
Talon Knife,Fade,936,80.79012,948
Talon Knife,Fade,616,93.42286,334
Talon Knife,Fade,942,85.026726,740
Talon Knife,Fade,877,87.435425,630
Talon Knife,Fade,627,93.48335,328
Talon Knife,Fade,296,94.948555,254
Talon Knife,Fade,377,82.663536,857
Talon Knife,Fade,124,88.069115,597
Talon Knife,Fade,898,83.63223,812
Talon Knife,Fade,353,95.103264,249
Talon Knife,Fade,916,84.78944,746
Talon Knife,Fade,431,85.03581,739
Talon Knife,Fade,129,99.48478,23
Talon Knife,Fade,688,99.758026,9
Talon Knife,Fade,107,80.80834,946
Talon Knife,Fade,792,99.545654,21
Talon Knife,Fade,736,99.25137,32
Talon Knife,Fade,414,86.25129,680
Talon Knife,Fade,360,92.40249,390
Talon Knife,Fade,340,98.91255,54
Talon Knife,Fade,861,92.56381,380
Skeleton Knife,Fade,140,93.30232,338
Skeleton Knife,Fade,211,97.505745,138
Skeleton Knife,Fade,342,94.8849,267
Skeleton Knife,Fade,803,81.39856,930
Skeleton Knife,Fade,201,99.24156,48
Skeleton Knife,Fade,872,99.05613,60
Skeleton Knife,Fade,379,93.05929,352
Skeleton Knife,Fade,118,94.18361,299
Skeleton Knife,Fade,833,90.71473,467
Skeleton Knife,Fade,533,92.79391,363
Skeleton Knife,Fade,886,95.56329,236
Skeleton Knife,Fade,446,96.033356,212
Skeleton Knife,Fade,668,99.57256,26
Skeleton Knife,Fade,868,82.39743,874
Skeleton Knife,Fade,239,91.04325,453
Skeleton Knife,Fade,44,87.886536,593
Skeleton Knife,Fade,970,92.43414,384
Skeleton Knife,Fade,404,83.109985,841
Skeleton Knife,Fade,18,95.387474,249
Skeleton Knife,Fade,302,97.05907,159
Skeleton Knife,Fade,558,88.827736,553
Skeleton Knife,Fade,145,97.6853,127
Skeleton Knife,Fade,645,95.62554,233
Skeleton Knife,Fade,153,87.59706,613
Skeleton Knife,Fade,576,99.49058,29
Skeleton Knife,Fade,73,97.32149,147
Skeleton Knife,Fade,424,96.56946,179
Skeleton Knife,Fade,618,90.76895,463
Skeleton Knife,Fade,918,80.48007,980
Skeleton Knife,Fade,630,84.387054,781
Skeleton Knife,Fade,694,87.76061,599
Skeleton Knife,Fade,515,84.63061,769
Skeleton Knife,Fade,110,83.46602,825
Skeleton Knife,Fade,219,89.04376,542
Skeleton Knife,Fade,400,83.68381,813
Skeleton Knife,Fade,692,89.76303,512
Skeleton Knife,Fade,634,88.71538,559
Skeleton Knife,Fade,99,90.85053,462
Skeleton Knife,Fade,813,97.86772,115
Skeleton Knife,Fade,910,99.90546,8
Skeleton Knife,Fade,70,91.43322,431
Skeleton Knife,Fade,917,98.17895,101
Skeleton Knife,Fade,413,84.239685,787
Skeleton Knife,Fade,436,85.17757,741
Skeleton Knife,Fade,991,94.39328,288
Skeleton Knife,Fade,89,97.14311,154
Skeleton Knife,Fade,853,85.51348,728
Skeleton Knife,Fade,729,93.059525,351
Skeleton Knife,Fade,97,92.96619,354
Skeleton Knife,Fade,516,82.08818,889
Skeleton Knife,Fade,401,98.27122,92
Skeleton Knife,Fade,752,95.94517,215
Skeleton Knife,Fade,766,82.05692,894
Skeleton Knife,Fade,493,81.78544,903
Skeleton Knife,Fade,962,83.07711,843
Skeleton Knife,Fade,105,99.396,37
Skeleton Knife,Fade,517,99.29843,42
Skeleton Knife,Fade,284,86.61099,666
Skeleton Knife,Fade,138,84.73284,762
Skeleton Knife,Fade,520,99.876755,12
Skeleton Knife,Fade,946,94.395836,287
Skeleton Knife,Fade,665,97.62409,131
Skeleton Knife,Fade,898,96.36777,190
Skeleton Knife,Fade,277,95.40607,247
Skeleton Knife,Fade,395,98.64656,79
Skeleton Knife,Fade,439,93.21369,343
Skeleton Knife,Fade,586,96.61786,176
Skeleton Knife,Fade,664,99.33543,41
Skeleton Knife,Fade,84,98.63463,80
Skeleton Knife,Fade,612,96.512695,183
Skeleton Knife,Fade,411,84.503944,774
Skeleton Knife,Fade,313,98.167496,102
Skeleton Knife,Fade,812,84.67408,765
Skeleton Knife,Fade,50,93.1629,344
Skeleton Knife,Fade,494,99.26756,46
Skeleton Knife,Fade,908,80.63608,974
Skeleton Knife,Fade,341,99.93402,5
Skeleton Knife,Fade,583,99.538635,27
Skeleton Knife,Fade,14,81.27647,938
Skeleton Knife,Fade,355,88.393906,577
Skeleton Knife,Fade,596,95.30395,252
Skeleton Knife,Fade,229,97.97564,111
Skeleton Knife,Fade,301,93.96095,311
Skeleton Knife,Fade,410,87.88489,594
Skeleton Knife,Fade,190,87.13789,635
Skeleton Knife,Fade,681,89.61003,523
Skeleton Knife,Fade,449,99.27049,45
Skeleton Knife,Fade,194,87.70413,602
Skeleton Knife,Fade,130,97.70896,124
Skeleton Knife,Fade,147,99.14938,58
Skeleton Knife,Fade,409,87.05095,639
Skeleton Knife,Fade,774,95.8461,218
Skeleton Knife,Fade,851,95.40575,248
Skeleton Knife,Fade,152,80.41808,983
Skeleton Knife,Fade,900,92.01548,401
Skeleton Knife,Fade,486,98.79327,69
Skeleton Knife,Fade,86,91.613655,419
Skeleton Knife,Fade,67,93.22031,342
Skeleton Knife,Fade,305,90.59432,473
Skeleton Knife,Fade,92,90.45326,481
Skeleton Knife,Fade,47,96.41139,187
Skeleton Knife,Fade,857,87.432976,623
Skeleton Knife,Fade,841,93.15567,345
Skeleton Knife,Fade,95,93.575226,327
Skeleton Knife,Fade,283,97.59306,134
Skeleton Knife,Fade,390,93.101776,347
Skeleton Knife,Fade,242,89.666084,520
Skeleton Knife,Fade,926,88.31602,580
Skeleton Knife,Fade,523,88.64699,563
Skeleton Knife,Fade,669,89.69435,518
Skeleton Knife,Fade,376,95.47685,241
Skeleton Knife,Fade,636,99.98052,4
Skeleton Knife,Fade,843,86.24851,686
Skeleton Knife,Fade,670,84.45754,779
Skeleton Knife,Fade,620,91.44332,430
Skeleton Knife,Fade,695,93.4562,332
Skeleton Knife,Fade,57,94.89672,265
Skeleton Knife,Fade,575,99.99284,2
Skeleton Knife,Fade,659,87.519424,618
Skeleton Knife,Fade,359,80.06371,999
Skeleton Knife,Fade,158,89.79974,510
Skeleton Knife,Fade,736,80.74863,970
Skeleton Knife,Fade,128,91.49875,424
Skeleton Knife,Fade,916,95.21056,256
Skeleton Knife,Fade,501,91.09596,448
Skeleton Knife,Fade,731,88.59371,566
Skeleton Knife,Fade,827,98.77002,72
Skeleton Knife,Fade,115,88.480835,572
Skeleton Knife,Fade,821,95.556755,237
Skeleton Knife,Fade,236,98.44366,87
Skeleton Knife,Fade,985,90.51454,476
Skeleton Knife,Fade,396,99.04187,61
Skeleton Knife,Fade,861,87.43619,622
Skeleton Knife,Fade,282,97.545616,137
Skeleton Knife,Fade,621,81.11571,946
Skeleton Knife,Fade,233,81.435455,926
Skeleton Knife,Fade,721,88.832085,552
Skeleton Knife,Fade,226,86.40262,678
Skeleton Knife,Fade,343,93.78253,319
Skeleton Knife,Fade,508,97.40181,142
Skeleton Knife,Fade,892,99.60272,24
Skeleton Knife,Fade,94,96.85886,171
Skeleton Knife,Fade,521,99.79722,15
Skeleton Knife,Fade,199,91.09414,449
Skeleton Knife,Fade,178,81.69755,907
Skeleton Knife,Fade,403,99.9073,7
Skeleton Knife,Fade,69,92.25782,393
Skeleton Knife,Fade,388,84.9682,752
Skeleton Knife,Fade,763,100.0,1
Skeleton Knife,Fade,307,83.6783,814
Skeleton Knife,Fade,551,86.54489,673
Skeleton Knife,Fade,103,96.905396,167
Skeleton Knife,Fade,82,92.290504,391
Skeleton Knife,Fade,38,92.87309,357
Skeleton Knife,Fade,975,99.44453,33
Skeleton Knife,Fade,848,99.44982,32
Skeleton Knife,Fade,91,92.80433,361
Skeleton Knife,Fade,554,93.348175,335
Skeleton Knife,Fade,540,85.5712,724
Skeleton Knife,Fade,746,84.17954,791
Skeleton Knife,Fade,518,94.19794,296
Skeleton Knife,Fade,344,80.36377,986
Skeleton Knife,Fade,20,86.12037,694
Skeleton Knife,Fade,703,98.22851,96
Skeleton Knife,Fade,17,89.610596,522
Skeleton Knife,Fade,825,99.2387,50
Skeleton Knife,Fade,345,98.797516,68
Skeleton Knife,Fade,463,84.15346,794
Skeleton Knife,Fade,454,81.37293,932
Skeleton Knife,Fade,22,96.132324,207
Skeleton Knife,Fade,769,95.69655,229
Skeleton Knife,Fade,324,96.29349,196
Skeleton Knife,Fade,770,81.4404,925
Skeleton Knife,Fade,610,86.12312,693
Skeleton Knife,Fade,88,86.44908,676
Skeleton Knife,Fade,482,98.14575,103
Skeleton Knife,Fade,475,93.889175,315
Skeleton Knife,Fade,553,82.59884,868
Skeleton Knife,Fade,838,98.25357,93
Skeleton Knife,Fade,561,83.02342,848
Skeleton Knife,Fade,666,95.03483,261
Skeleton Knife,Fade,943,99.367256,39
Skeleton Knife,Fade,677,97.34015,144
Skeleton Knife,Fade,572,97.88696,114
Skeleton Knife,Fade,141,98.30182,91
Skeleton Knife,Fade,982,80.995735,953
Skeleton Knife,Fade,974,95.43502,244
Skeleton Knife,Fade,890,88.81728,555
Skeleton Knife,Fade,651,99.78192,16
Skeleton Knife,Fade,971,81.56207,914
Skeleton Knife,Fade,80,98.105545,105
Skeleton Knife,Fade,801,94.20918,295
Skeleton Knife,Fade,631,80.98981,954
Skeleton Knife,Fade,212,96.59778,178
Skeleton Knife,Fade,162,85.382484,733
Skeleton Knife,Fade,10,93.090645,348
Skeleton Knife,Fade,21,97.556015,136
Skeleton Knife,Fade,513,96.60277,177
Skeleton Knife,Fade,866,95.38646,250
Skeleton Knife,Fade,822,84.6075,771
Nomad Knife,Fade,860,96.23907,197
Nomad Knife,Fade,754,98.913414,64
Nomad Knife,Fade,846,84.3607,782
Nomad Knife,Fade,293,96.22852,198
Nomad Knife,Fade,783,85.93694,705
Nomad Knife,Fade,288,90.284256,487
Nomad Knife,Fade,808,95.74284,225
Nomad Knife,Fade,433,96.17552,205
Nomad Knife,Fade,941,82.908005,854
Nomad Knife,Fade,584,94.33117,291
Nomad Knife,Fade,944,99.49277,28
Nomad Knife,Fade,73,97.32149,147
Nomad Knife,Fade,306,88.83698,551
Nomad Knife,Fade,157,95.811485,219
Nomad Knife,Fade,36,91.03669,454
Nomad Knife,Fade,708,89.22841,535
Nomad Knife,Fade,523,88.64699,563
Nomad Knife,Fade,626,83.12948,837
Nomad Knife,Fade,476,89.06093,540
Nomad Knife,Fade,547,85.07629,744
Nomad Knife,Fade,317,88.56611,568
Nomad Knife,Fade,851,95.40575,248
Nomad Knife,Fade,999,86.91688,649
Nomad Knife,Fade,628,80.452896,982
Nomad Knife,Fade,334,84.68019,764
Nomad Knife,Fade,910,99.90546,8
Nomad Knife,Fade,93,99.92494,6
Nomad Knife,Fade,32,81.484375,922
Nomad Knife,Fade,313,98.167496,102
Nomad Knife,Fade,700,92.49596,379
Nomad Knife,Fade,763,100.0,1
Nomad Knife,Fade,443,86.92377,647
Nomad Knife,Fade,571,99.287506,43
Nomad Knife,Fade,9,83.44095,826
Nomad Knife,Fade,283,97.59306,134
Nomad Knife,Fade,156,82.38636,875
Nomad Knife,Fade,149,81.85491,901
Nomad Knife,Fade,739,88.76566,557
Nomad Knife,Fade,60,83.54808,822
Nomad Knife,Fade,821,95.556755,237
Nomad Knife,Fade,810,82.59926,867
Nomad Knife,Fade,457,80.79632,964
Nomad Knife,Fade,454,81.37293,932
Nomad Knife,Fade,377,97.336464,145
Nomad Knife,Fade,890,88.81728,555
Nomad Knife,Fade,813,97.86772,115
Nomad Knife,Fade,381,97.57361,135
Nomad Knife,Fade,803,81.39856,930
Nomad Knife,Fade,636,99.98052,4
Nomad Knife,Fade,205,99.604126,23
Nomad Knife,Fade,59,87.36542,626
Nomad Knife,Fade,378,81.52929,917
Nomad Knife,Fade,210,96.66144,175
Nomad Knife,Fade,392,95.965034,213
Nomad Knife,Fade,757,95.70187,228
Nomad Knife,Fade,428,99.150696,57
Nomad Knife,Fade,233,81.435455,926
Nomad Knife,Fade,759,97.698875,125
Nomad Knife,Fade,106,86.65944,665
Nomad Knife,Fade,875,96.426834,186
Nomad Knife,Fade,324,96.29349,196
Nomad Knife,Fade,902,94.93269,264
Nomad Knife,Fade,657,98.395096,88
Nomad Knife,Fade,690,98.70469,75
Nomad Knife,Fade,745,99.13221,59
Nomad Knife,Fade,676,93.33556,337
Nomad Knife,Fade,224,98.677246,77
Nomad Knife,Fade,899,84.628555,770
Nomad Knife,Fade,322,91.393555,433
Nomad Knife,Fade,781,98.61534,82
Nomad Knife,Fade,434,88.00758,591
Nomad Knife,Fade,782,96.32039,193
Nomad Knife,Fade,898,96.36777,190
Nomad Knife,Fade,656,82.0816,890
Nomad Knife,Fade,928,87.75134,600
Nomad Knife,Fade,756,82.74924,860
Nomad Knife,Fade,14,81.27647,938
Nomad Knife,Fade,62,84.1562,793
Nomad Knife,Fade,528,95.63994,232
Nomad Knife,Fade,195,82.98522,849
Nomad Knife,Fade,611,85.07577,745
Nomad Knife,Fade,487,96.09952,210
Nomad Knife,Fade,211,97.505745,138
Nomad Knife,Fade,975,99.44453,33
Nomad Knife,Fade,974,95.43502,244
Nomad Knife,Fade,115,88.480835,572
Nomad Knife,Fade,51,92.1519,397
Nomad Knife,Fade,158,89.79974,510
Nomad Knife,Fade,19,92.56852,370
Nomad Knife,Fade,770,81.4404,925
Nomad Knife,Fade,326,99.884705,10
Nomad Knife,Fade,837,92.82354,360
Nomad Knife,Fade,126,80.59212,977
Nomad Knife,Fade,129,80.51522,979
Nomad Knife,Fade,278,98.789215,70
Nomad Knife,Fade,458,97.133255,156
Nomad Knife,Fade,527,99.71006,19
Nomad Knife,Fade,117,95.54882,238
Nomad Knife,Fade,113,86.11652,696
Nomad Knife,Fade,819,92.56709,371
Nomad Knife,Fade,732,81.41313,929
Nomad Knife,Fade,540,85.5712,724
Nomad Knife,Fade,878,96.21544,199
Nomad Knife,Fade,337,81.53479,916
Nomad Knife,Fade,575,99.99284,2
Nomad Knife,Fade,668,99.57256,26
Nomad Knife,Fade,70,91.43322,431
Nomad Knife,Fade,871,88.57791,567
Nomad Knife,Fade,817,82.01933,895
Nomad Knife,Fade,515,84.63061,769
Nomad Knife,Fade,568,97.369026,143
Nomad Knife,Fade,289,95.722916,227
Nomad Knife,Fade,276,96.33099,191
Nomad Knife,Fade,331,91.05934,452
Nomad Knife,Fade,345,98.797516,68
Nomad Knife,Fade,747,99.23906,49
Nomad Knife,Fade,229,97.97564,111
Nomad Knife,Fade,189,86.19061,689
Nomad Knife,Fade,422,99.41141,35
Nomad Knife,Fade,920,94.49109,285
Nomad Knife,Fade,159,89.06356,539
Nomad Knife,Fade,1,84.86796,754
Nomad Knife,Fade,838,98.25357,93
Nomad Knife,Fade,699,86.3942,679
Nomad Knife,Fade,664,99.33543,41
Nomad Knife,Fade,737,94.75229,271
Nomad Knife,Fade,373,86.231895,687
Nomad Knife,Fade,360,87.59751,612
Nomad Knife,Fade,601,99.69995,20
Nomad Knife,Fade,112,81.14108,944
Nomad Knife,Fade,802,95.130295,259
Nomad Knife,Fade,895,95.77761,222
Nomad Knife,Fade,472,89.00993,544
Nomad Knife,Fade,639,98.85475,67
Nomad Knife,Fade,967,93.3423,336
Nomad Knife,Fade,807,99.65054,22
Nomad Knife,Fade,242,89.666084,520
Nomad Knife,Fade,80,98.105545,105
Nomad Knife,Fade,526,87.02924,642
Nomad Knife,Fade,556,94.04692,306
Nomad Knife,Fade,876,81.12133,945
Nomad Knife,Fade,221,88.65768,561
Nomad Knife,Fade,327,92.46604,381
Nomad Knife,Fade,587,96.17596,204
Nomad Knife,Fade,481,96.98696,163
Nomad Knife,Fade,738,93.41978,333
Nomad Knife,Fade,908,80.63608,974
Nomad Knife,Fade,280,84.99292,750
Nomad Knife,Fade,833,90.71473,467
Nomad Knife,Fade,620,91.44332,430
Nomad Knife,Fade,804,94.68313,273
Nomad Knife,Fade,714,99.6595,21
Nomad Knife,Fade,987,89.74505,514
Nomad Knife,Fade,256,99.45271,31
Nomad Knife,Fade,243,81.50095,921
Nomad Knife,Fade,297,92.54813,374
Nomad Knife,Fade,246,85.96637,702
Nomad Knife,Fade,260,97.331116,146
Nomad Knife,Fade,387,85.30041,737
Nomad Knife,Fade,659,87.519424,618
Nomad Knife,Fade,608,98.05446,108
Nomad Knife,Fade,843,86.24851,686
Nomad Knife,Fade,166,87.07417,637
Nomad Knife,Fade,633,94.6343,277
Nomad Knife,Fade,798,97.268974,151
Paracord Knife,Fade,825,99.2387,50
Paracord Knife,Fade,345,98.797516,68
Paracord Knife,Fade,424,96.56946,179
Paracord Knife,Fade,512,94.36307,289
Paracord Knife,Fade,662,92.17203,396
Paracord Knife,Fade,314,98.075645,107
Paracord Knife,Fade,33,96.95855,165
Paracord Knife,Fade,595,87.65078,608
Paracord Knife,Fade,265,87.50088,620
Paracord Knife,Fade,514,97.6086,132
Paracord Knife,Fade,577,99.25364,47
Paracord Knife,Fade,309,83.57493,819
Paracord Knife,Fade,575,99.99284,2
Paracord Knife,Fade,399,99.22639,53
Paracord Knife,Fade,863,96.11717,208
Paracord Knife,Fade,19,92.56852,370
Paracord Knife,Fade,887,97.00111,162
Paracord Knife,Fade,612,96.512695,183
Paracord Knife,Fade,834,99.40328,36
Paracord Knife,Fade,416,95.95926,214
Paracord Knife,Fade,661,94.15215,302
Paracord Knife,Fade,875,96.426834,186
Paracord Knife,Fade,955,95.668205,231
Paracord Knife,Fade,408,87.68966,603
Paracord Knife,Fade,108,81.3482,934
Paracord Knife,Fade,311,85.2614,738
Paracord Knife,Fade,483,83.13712,836
Paracord Knife,Fade,763,100.0,1
Paracord Knife,Fade,762,96.75452,174
Paracord Knife,Fade,590,83.048874,847
Paracord Knife,Fade,319,90.88826,461
Paracord Knife,Fade,6,96.7776,172
Paracord Knife,Fade,101,89.84651,508
Paracord Knife,Fade,181,98.04152,109
Paracord Knife,Fade,678,85.56126,727
Paracord Knife,Fade,114,94.164444,300
Paracord Knife,Fade,72,87.56965,616
Paracord Knife,Fade,620,91.44332,430
Paracord Knife,Fade,255,93.07127,349
Paracord Knife,Fade,517,99.29843,42
Paracord Knife,Fade,200,91.84818,408
Paracord Knife,Fade,579,85.509285,730
Paracord Knife,Fade,391,90.70404,468
Paracord Knife,Fade,350,91.53342,423
Paracord Knife,Fade,549,94.61958,280
Paracord Knife,Fade,802,95.130295,259
Paracord Knife,Fade,659,87.519424,618
Paracord Knife,Fade,260,97.331116,146
Paracord Knife,Fade,936,99.20988,54
Paracord Knife,Fade,813,97.86772,115
Paracord Knife,Fade,175,93.061386,350
Paracord Knife,Fade,808,95.74284,225
Paracord Knife,Fade,276,96.33099,191
Paracord Knife,Fade,466,97.64072,129
Paracord Knife,Fade,248,88.203766,585
Paracord Knife,Fade,937,90.493546,478
Paracord Knife,Fade,522,80.905914,958
Paracord Knife,Fade,329,82.71807,861
Paracord Knife,Fade,489,84.48357,777
Paracord Knife,Fade,952,88.98303,546
Paracord Knife,Fade,153,87.59706,613
Paracord Knife,Fade,411,84.503944,774
Paracord Knife,Fade,908,80.63608,974
Paracord Knife,Fade,433,96.17552,205
Paracord Knife,Fade,352,88.015335,590
Paracord Knife,Fade,344,80.36377,986
Paracord Knife,Fade,427,93.86661,316
Paracord Knife,Fade,445,84.18689,790
Paracord Knife,Fade,607,80.93986,957
Paracord Knife,Fade,158,89.79974,510
Paracord Knife,Fade,581,90.512436,477
Paracord Knife,Fade,698,96.178535,203
Paracord Knife,Fade,46,98.55422,84
Paracord Knife,Fade,776,85.95384,703
Paracord Knife,Fade,459,83.06457,844
Paracord Knife,Fade,857,87.432976,623
Paracord Knife,Fade,996,93.94026,313
Paracord Knife,Fade,554,93.348175,335
Paracord Knife,Fade,910,99.90546,8
Paracord Knife,Fade,574,86.2581,685
Paracord Knife,Fade,289,95.722916,227
Paracord Knife,Fade,41,99.75568,17
Paracord Knife,Fade,876,81.12133,945
Paracord Knife,Fade,627,86.51665,674
Paracord Knife,Fade,846,84.3607,782
Paracord Knife,Fade,205,99.604126,23
Paracord Knife,Fade,925,99.3481,40
Paracord Knife,Fade,557,89.353004,530
Paracord Knife,Fade,273,95.04857,260
Paracord Knife,Fade,339,89.44621,526
Paracord Knife,Fade,742,99.598724,25
Paracord Knife,Fade,40,91.74695,415
Paracord Knife,Fade,326,99.884705,10
Paracord Knife,Fade,636,99.98052,4
Paracord Knife,Fade,878,96.21544,199
Paracord Knife,Fade,44,87.886536,593
Paracord Knife,Fade,206,82.19307,885
Paracord Knife,Fade,944,99.49277,28
Paracord Knife,Fade,431,94.96419,263
Paracord Knife,Fade,782,96.32039,193
Paracord Knife,Fade,398,88.64538,564
Paracord Knife,Fade,377,97.336464,145
Paracord Knife,Fade,732,81.41313,929
Paracord Knife,Fade,855,88.81735,554
Paracord Knife,Fade,651,99.78192,16
Paracord Knife,Fade,498,86.965576,645
Paracord Knife,Fade,939,85.35724,736
Paracord Knife,Fade,256,99.45271,31
Paracord Knife,Fade,182,80.770195,967
Paracord Knife,Fade,973,87.6253,610
Paracord Knife,Fade,673,80.29471,990
Paracord Knife,Fade,819,92.56709,371
Paracord Knife,Fade,995,95.46381,242
Paracord Knife,Fade,243,81.50095,921
Paracord Knife,Fade,412,80.0,1001
Paracord Knife,Fade,336,96.32445,192
Paracord Knife,Fade,106,86.65944,665
Paracord Knife,Fade,633,94.6343,277
Paracord Knife,Fade,92,90.45326,481
Paracord Knife,Fade,252,80.77059,966
Paracord Knife,Fade,140,93.30232,338
Paracord Knife,Fade,69,92.25782,393
Paracord Knife,Fade,730,86.37498,680
Paracord Knife,Fade,338,90.01888,500
Paracord Knife,Fade,390,93.101776,347
Paracord Knife,Fade,420,90.00073,501
Paracord Knife,Fade,764,82.36517,877
Paracord Knife,Fade,980,83.43933,827
Paracord Knife,Fade,663,84.25989,786
Paracord Knife,Fade,815,96.18036,202
Paracord Knife,Fade,430,97.19516,153
Paracord Knife,Fade,519,88.90384,549
Paracord Knife,Fade,835,95.523,239
Paracord Knife,Fade,157,95.811485,219
Paracord Knife,Fade,984,95.50788,240
Paracord Knife,Fade,716,85.851715,708
Paracord Knife,Fade,500,90.34865,485
Paracord Knife,Fade,357,93.50467,330
Paracord Knife,Fade,381,97.57361,135
Paracord Knife,Fade,468,99.890335,9
Paracord Knife,Fade,915,97.119644,157
Paracord Knife,Fade,396,99.04187,61
Paracord Knife,Fade,888,92.08,398
Paracord Knife,Fade,111,95.372116,251
Paracord Knife,Fade,464,86.56382,671
Paracord Knife,Fade,977,82.317474,880
Paracord Knife,Fade,929,85.89045,707
Paracord Knife,Fade,330,89.49411,525
Paracord Knife,Fade,481,96.98696,163
Paracord Knife,Fade,53,93.74309,323
Paracord Knife,Fade,137,98.25342,94
Paracord Knife,Fade,504,86.72467,658
Paracord Knife,Fade,187,95.40767,246
Paracord Knife,Fade,244,88.54932,569
Paracord Knife,Fade,622,90.31136,486
Paracord Knife,Fade,183,83.40309,828
Paracord Knife,Fade,328,83.81061,808
